2022-09-19 10:47:12.000000,-22.0,-22.0,-22.0
2022-09-19 10:47:12.031250,-22.0,-22.0,-22.0
2022-09-19 10:47:12.062500,-21.0,-21.0,-21.0
2022-09-19 10:47:12.093750,-21.0,-21.0,-21.0
2022-09-19 10:47:12.125000,-22.0,-22.0,-22.0
2022-09-19 10:47:12.156250,-21.0,-21.0,-21.0
2022-09-19 10:47:12.187500,-22.0,-22.0,-22.0
2022-09-19 10:47:12.218750,-21.0,-21.0,-21.0
2022-09-19 10:47:12.250000,-21.0,-21.0,-21.0
2022-09-19 10:47:12.281250,-21.0,-21.0,-21.0
2022-09-19 10:47:12.312500,-21.0,-21.0,-21.0
2022-09-19 10:47:12.343750,-21.0,-21.0,-21.0
2022-09-19 10:47:12.375000,-21.0,-21.0,-21.0
2022-09-19 10:47:12.406250,-22.0,-22.0,-22.0
2022-09-19 10:47:12.437500,-22.0,-22.0,-22.0
2022-09-19 10:47:12.468750,-22.0,-22.0,-22.0
2022-09-19 10:47:12.500000,-21.0,-21.0,-21.0
2022-09-19 10:47:12.531250,-22.0,-22.0,-22.0
2022-09-19 10:47:12.562500,-21.0,-21.0,-21.0
2022-09-19 10:47:12.593750,-21.0,-21.0,-21.0
2022-09-19 10:47:12.625000,-22.0,-22.0,-22.0
2022-09-19 10:47:12.656250,-21.0,-21.0,-21.0
2022-09-19 10:47:12.687500,-21.0,-21.0,-21.0
2022-09-19 10:47:12.718750,-21.0,-21.0,-21.0
2022-09-19 10:47:12.750000,-21.0,-21.0,-21.0
2022-09-19 10:47:12.781250,-21.0,-21.0,-21.0
2022-09-19 10:47:12.812500,-22.0,-22.0,-22.0
2022-09-19 10:47:12.843750,-22.0,-22.0,-22.0
2022-09-19 10:47:12.875000,-21.0,-21.0,-21.0
2022-09-19 10:47:12.906250,-21.0,-21.0,-21.0
2022-09-19 10:47:12.937500,-21.0,-21.0,-21.0
2022-09-19 10:47:12.968750,-21.0,-21.0,-21.0
2022-09-19 10:47:13.000000,-21.0,-21.0,-21.0
2022-09-19 10:47:13.031250,-21.0,-21.0,-21.0
2022-09-19 10:47:13.062500,-22.0,-22.0,-22.0
2022-09-19 10:47:13.093750,-21.0,-21.0,-21.0
2022-09-19 10:47:13.125000,-22.0,-22.0,-22.0
2022-09-19 10:47:13.156250,-21.0,-21.0,-21.0
2022-09-19 10:47:13.187500,-21.0,-21.0,-21.0
2022-09-19 10:47:13.218750,-21.0,-21.0,-21.0
2022-09-19 10:47:13.250000,-21.0,-21.0,-21.0
2022-09-19 10:47:13.281250,-21.0,-21.0,-21.0
2022-09-19 10:47:13.312500,-22.0,-22.0,-22.0
2022-09-19 10:47:13.343750,-21.0,-21.0,-21.0
2022-09-19 10:47:13.375000,-21.0,-21.0,-21.0
2022-09-19 10:47:13.406250,-22.0,-22.0,-22.0
2022-09-19 10:47:13.437500,-21.0,-21.0,-21.0
2022-09-19 10:47:13.468750,-22.0,-22.0,-22.0
2022-09-19 10:47:13.500000,-21.0,-21.0,-21.0
2022-09-19 10:47:13.531250,-21.0,-21.0,-21.0
2022-09-19 10:47:13.562500,-21.0,-21.0,-21.0
2022-09-19 10:47:13.593750,-21.0,-21.0,-21.0
2022-09-19 10:47:13.625000,-21.0,-21.0,-21.0
2022-09-19 10:47:13.656250,-21.0,-21.0,-21.0
2022-09-19 10:47:13.687500,-21.0,-21.0,-21.0
2022-09-19 10:47:13.718750,-22.0,-22.0,-22.0
2022-09-19 10:47:13.750000,-22.0,-22.0,-22.0
2022-09-19 10:47:13.781250,-22.0,-22.0,-22.0
2022-09-19 10:47:13.812500,-21.0,-21.0,-21.0
2022-09-19 10:47:13.843750,-22.0,-22.0,-22.0
2022-09-19 10:47:13.875000,-21.0,-21.0,-21.0
2022-09-19 10:47:13.906250,-22.0,-22.0,-22.0
2022-09-19 10:47:13.937500,-21.0,-21.0,-21.0
2022-09-19 10:47:13.968750,-21.0,-21.0,-21.0
2022-09-19 10:47:14.000000,-21.0,-21.0,-21.0
2022-09-19 10:47:14.031250,-22.0,-22.0,-22.0
2022-09-19 10:47:14.062500,-21.0,-21.0,-21.0
2022-09-19 10:47:14.093750,-22.0,-22.0,-22.0
2022-09-19 10:47:14.125000,-21.0,-21.0,-21.0
2022-09-19 10:47:14.156250,-21.0,-21.0,-21.0
2022-09-19 10:47:14.187500,-22.0,-22.0,-22.0
2022-09-19 10:47:14.218750,-21.0,-21.0,-21.0
2022-09-19 10:47:14.250000,-21.0,-21.0,-21.0
2022-09-19 10:47:14.281250,-22.0,-22.0,-22.0
2022-09-19 10:47:14.312500,-21.0,-21.0,-21.0
2022-09-19 10:47:14.343750,-21.0,-21.0,-21.0
2022-09-19 10:47:14.375000,-21.0,-21.0,-21.0
2022-09-19 10:47:14.406250,-21.0,-21.0,-21.0
2022-09-19 10:47:14.437500,-21.0,-21.0,-21.0
2022-09-19 10:47:14.468750,-22.0,-22.0,-22.0
2022-09-19 10:47:14.500000,-21.0,-21.0,-21.0
2022-09-19 10:47:14.531250,-22.0,-22.0,-22.0
2022-09-19 10:47:14.562500,-22.0,-22.0,-22.0
2022-09-19 10:47:14.593750,-21.0,-21.0,-21.0
2022-09-19 10:47:14.625000,-21.0,-21.0,-21.0
2022-09-19 10:47:14.656250,-21.0,-21.0,-21.0
2022-09-19 10:47:14.687500,-21.0,-21.0,-21.0
2022-09-19 10:47:14.718750,-21.0,-21.0,-21.0
2022-09-19 10:47:14.750000,-22.0,-22.0,-22.0
2022-09-19 10:47:14.781250,-21.0,-21.0,-21.0
2022-09-19 10:47:14.812500,-21.0,-21.0,-21.0
2022-09-19 10:47:14.843750,-21.0,-21.0,-21.0
2022-09-19 10:47:14.875000,-21.0,-21.0,-21.0
2022-09-19 10:47:14.906250,-21.0,-21.0,-21.0
2022-09-19 10:47:14.937500,-21.0,-21.0,-21.0
2022-09-19 10:47:14.968750,-22.0,-22.0,-22.0
2022-09-19 10:47:15.000000,-21.0,-21.0,-21.0
2022-09-19 10:47:15.031250,-21.0,-21.0,-21.0
2022-09-19 10:47:15.062500,-22.0,-22.0,-22.0
2022-09-19 10:47:15.093750,-22.0,-22.0,-22.0
2022-09-19 10:47:15.125000,-22.0,-22.0,-22.0
2022-09-19 10:47:15.156250,-21.0,-21.0,-21.0
2022-09-19 10:47:15.187500,-21.0,-21.0,-21.0
2022-09-19 10:47:15.218750,-22.0,-22.0,-22.0
2022-09-19 10:47:15.250000,-22.0,-22.0,-22.0
2022-09-19 10:47:15.281250,-21.0,-21.0,-21.0
2022-09-19 10:47:15.312500,-22.0,-22.0,-22.0
2022-09-19 10:47:15.343750,-22.0,-22.0,-22.0
2022-09-19 10:47:15.375000,-22.0,-22.0,-22.0
2022-09-19 10:47:15.406250,-21.0,-21.0,-21.0
2022-09-19 10:47:15.437500,-21.0,-21.0,-21.0
2022-09-19 10:47:15.468750,-21.0,-21.0,-21.0
2022-09-19 10:47:15.500000,-22.0,-22.0,-22.0
2022-09-19 10:47:15.531250,-22.0,-22.0,-22.0
2022-09-19 10:47:15.562500,-22.0,-22.0,-22.0
2022-09-19 10:47:15.593750,-21.0,-21.0,-21.0
2022-09-19 10:47:15.625000,-22.0,-22.0,-22.0
2022-09-19 10:47:15.656250,-22.0,-22.0,-22.0
2022-09-19 10:47:15.687500,-21.0,-21.0,-21.0
2022-09-19 10:47:15.718750,-21.0,-21.0,-21.0
2022-09-19 10:47:15.750000,-22.0,-22.0,-22.0
2022-09-19 10:47:15.781250,-22.0,-22.0,-22.0
2022-09-19 10:47:15.812500,-21.0,-21.0,-21.0
2022-09-19 10:47:15.843750,-22.0,-22.0,-22.0
2022-09-19 10:47:15.875000,-22.0,-22.0,-22.0
2022-09-19 10:47:15.906250,-21.0,-21.0,-21.0
2022-09-19 10:47:15.937500,-22.0,-22.0,-22.0
2022-09-19 10:47:15.968750,-22.0,-22.0,-22.0
2022-09-19 10:47:16.000000,-21.0,-21.0,-21.0
2022-09-19 10:47:16.031250,-21.0,-21.0,-21.0
2022-09-19 10:47:16.062500,-22.0,-22.0,-22.0
2022-09-19 10:47:16.093750,-21.0,-21.0,-21.0
2022-09-19 10:47:16.125000,-21.0,-21.0,-21.0
2022-09-19 10:47:16.156250,-22.0,-22.0,-22.0
2022-09-19 10:47:16.187500,-22.0,-22.0,-22.0
2022-09-19 10:47:16.218750,-21.0,-21.0,-21.0
2022-09-19 10:47:16.250000,-22.0,-22.0,-22.0
2022-09-19 10:47:16.281250,-21.0,-21.0,-21.0
2022-09-19 10:47:16.312500,-21.0,-21.0,-21.0
2022-09-19 10:47:16.343750,-21.0,-21.0,-21.0
2022-09-19 10:47:16.375000,-22.0,-22.0,-22.0
2022-09-19 10:47:16.406250,-21.0,-21.0,-21.0
2022-09-19 10:47:16.437500,-22.0,-22.0,-22.0
2022-09-19 10:47:16.468750,-21.0,-21.0,-21.0
2022-09-19 10:47:16.500000,-21.0,-21.0,-21.0
2022-09-19 10:47:16.531250,-21.0,-21.0,-21.0
2022-09-19 10:47:16.562500,-21.0,-21.0,-21.0
2022-09-19 10:47:16.593750,-21.0,-21.0,-21.0
2022-09-19 10:47:16.625000,-22.0,-22.0,-22.0
2022-09-19 10:47:16.656250,-22.0,-22.0,-22.0
2022-09-19 10:47:16.687500,-21.0,-21.0,-21.0
2022-09-19 10:47:16.718750,-21.0,-21.0,-21.0
2022-09-19 10:47:16.750000,-21.0,-21.0,-21.0
2022-09-19 10:47:16.781250,-21.0,-21.0,-21.0
2022-09-19 10:47:16.812500,-21.0,-21.0,-21.0
2022-09-19 10:47:16.843750,-21.0,-21.0,-21.0
2022-09-19 10:47:16.875000,-21.0,-21.0,-21.0
2022-09-19 10:47:16.906250,-21.0,-21.0,-21.0
2022-09-19 10:47:16.937500,-22.0,-22.0,-22.0
2022-09-19 10:47:16.968750,-21.0,-21.0,-21.0
2022-09-19 10:47:17.000000,-21.0,-21.0,-21.0
2022-09-19 10:47:17.031250,-20.0,-20.0,-20.0
2022-09-19 10:47:17.062500,-20.0,-20.0,-20.0
2022-09-19 10:47:17.093750,-19.0,-19.0,-19.0
2022-09-19 10:47:17.125000,-19.0,-19.0,-19.0
2022-09-19 10:47:17.156250,-19.0,-19.0,-19.0
2022-09-19 10:47:17.187500,-18.0,-18.0,-18.0
2022-09-19 10:47:17.218750,-19.0,-19.0,-19.0
2022-09-19 10:47:17.250000,-18.0,-18.0,-18.0
2022-09-19 10:47:17.281250,-17.0,-17.0,-17.0
2022-09-19 10:47:17.312500,-16.0,-16.0,-16.0
2022-09-19 10:47:17.343750,-19.0,-19.0,-19.0
2022-09-19 10:47:17.375000,-19.0,-19.0,-19.0
2022-09-19 10:47:17.406250,-17.0,-17.0,-17.0
2022-09-19 10:47:17.437500,-19.0,-19.0,-19.0
2022-09-19 10:47:17.468750,-19.0,-19.0,-19.0
2022-09-19 10:47:17.500000,-18.0,-18.0,-18.0
2022-09-19 10:47:17.531250,-18.0,-18.0,-18.0
2022-09-19 10:47:17.562500,-19.0,-19.0,-19.0
2022-09-19 10:47:17.593750,-19.0,-19.0,-19.0
2022-09-19 10:47:17.625000,-18.0,-18.0,-18.0
2022-09-19 10:47:17.656250,-19.0,-19.0,-19.0
2022-09-19 10:47:17.687500,-19.0,-19.0,-19.0
2022-09-19 10:47:17.718750,-19.0,-19.0,-19.0
2022-09-19 10:47:17.750000,-18.0,-18.0,-18.0
2022-09-19 10:47:17.781250,-19.0,-19.0,-19.0
2022-09-19 10:47:17.812500,-19.0,-19.0,-19.0
2022-09-19 10:47:17.843750,-19.0,-19.0,-19.0
2022-09-19 10:47:17.875000,-19.0,-19.0,-19.0
2022-09-19 10:47:17.906250,-19.0,-19.0,-19.0
2022-09-19 10:47:17.937500,-19.0,-19.0,-19.0
2022-09-19 10:47:17.968750,-19.0,-19.0,-19.0
2022-09-19 10:47:18.000000,-19.0,-19.0,-19.0
2022-09-19 10:47:18.031250,-19.0,-19.0,-19.0
2022-09-19 10:47:18.062500,-20.0,-20.0,-20.0
2022-09-19 10:47:18.093750,-18.0,-18.0,-18.0
2022-09-19 10:47:18.125000,-20.0,-20.0,-20.0
2022-09-19 10:47:18.156250,-19.0,-19.0,-19.0
2022-09-19 10:47:18.187500,-19.0,-19.0,-19.0
2022-09-19 10:47:18.218750,-19.0,-19.0,-19.0
2022-09-19 10:47:18.250000,-19.0,-19.0,-19.0
2022-09-19 10:47:18.281250,-19.0,-19.0,-19.0
2022-09-19 10:47:18.312500,-19.0,-19.0,-19.0
2022-09-19 10:47:18.343750,-19.0,-19.0,-19.0
2022-09-19 10:47:18.375000,-20.0,-20.0,-20.0
2022-09-19 10:47:18.406250,-19.0,-19.0,-19.0
2022-09-19 10:47:18.437500,-19.0,-19.0,-19.0
2022-09-19 10:47:18.468750,-20.0,-20.0,-20.0
2022-09-19 10:47:18.500000,-19.0,-19.0,-19.0
2022-09-19 10:47:18.531250,-19.0,-19.0,-19.0
2022-09-19 10:47:18.562500,-20.0,-20.0,-20.0
2022-09-19 10:47:18.593750,-19.0,-19.0,-19.0
2022-09-19 10:47:18.625000,-19.0,-19.0,-19.0
2022-09-19 10:47:18.656250,-19.0,-19.0,-19.0
2022-09-19 10:47:18.687500,-19.0,-19.0,-19.0
2022-09-19 10:47:18.718750,-19.0,-19.0,-19.0
2022-09-19 10:47:18.750000,-19.0,-19.0,-19.0
2022-09-19 10:47:18.781250,-19.0,-19.0,-19.0
2022-09-19 10:47:18.812500,-20.0,-20.0,-20.0
2022-09-19 10:47:18.843750,-19.0,-19.0,-19.0
2022-09-19 10:47:18.875000,-19.0,-19.0,-19.0
2022-09-19 10:47:18.906250,-19.0,-19.0,-19.0
2022-09-19 10:47:18.937500,-19.0,-19.0,-19.0
2022-09-19 10:47:18.968750,-19.0,-19.0,-19.0
2022-09-19 10:47:19.000000,-19.0,-19.0,-19.0
2022-09-19 10:47:19.031250,-19.0,-19.0,-19.0
2022-09-19 10:47:19.062500,-19.0,-19.0,-19.0
2022-09-19 10:47:19.093750,-19.0,-19.0,-19.0
2022-09-19 10:47:19.125000,-19.0,-19.0,-19.0
2022-09-19 10:47:19.156250,-19.0,-19.0,-19.0
2022-09-19 10:47:19.187500,-19.0,-19.0,-19.0
2022-09-19 10:47:19.218750,-19.0,-19.0,-19.0
2022-09-19 10:47:19.250000,-19.0,-19.0,-19.0
2022-09-19 10:47:19.281250,-19.0,-19.0,-19.0
2022-09-19 10:47:19.312500,-19.0,-19.0,-19.0
2022-09-19 10:47:19.343750,-19.0,-19.0,-19.0
2022-09-19 10:47:19.375000,-19.0,-19.0,-19.0
2022-09-19 10:47:19.406250,-19.0,-19.0,-19.0
2022-09-19 10:47:19.437500,-19.0,-19.0,-19.0
2022-09-19 10:47:19.468750,-20.0,-20.0,-20.0
2022-09-19 10:47:19.500000,-19.0,-19.0,-19.0
2022-09-19 10:47:19.531250,-19.0,-19.0,-19.0
2022-09-19 10:47:19.562500,-19.0,-19.0,-19.0
2022-09-19 10:47:19.593750,-19.0,-19.0,-19.0
2022-09-19 10:47:19.625000,-19.0,-19.0,-19.0
2022-09-19 10:47:19.656250,-19.0,-19.0,-19.0
2022-09-19 10:47:19.687500,-19.0,-19.0,-19.0
2022-09-19 10:47:19.718750,-19.0,-19.0,-19.0
2022-09-19 10:47:19.750000,-19.0,-19.0,-19.0
2022-09-19 10:47:19.781250,-20.0,-20.0,-20.0
2022-09-19 10:47:19.812500,-19.0,-19.0,-19.0
2022-09-19 10:47:19.843750,-20.0,-20.0,-20.0
2022-09-19 10:47:19.875000,-19.0,-19.0,-19.0
2022-09-19 10:47:19.906250,-19.0,-19.0,-19.0
2022-09-19 10:47:19.937500,-20.0,-20.0,-20.0
2022-09-19 10:47:19.968750,-19.0,-19.0,-19.0
2022-09-19 10:47:20.000000,-20.0,-20.0,-20.0
2022-09-19 10:47:20.031250,-19.0,-19.0,-19.0
2022-09-19 10:47:20.062500,-19.0,-19.0,-19.0
2022-09-19 10:47:20.093750,-19.0,-19.0,-19.0
2022-09-19 10:47:20.125000,-19.0,-19.0,-19.0
2022-09-19 10:47:20.156250,-19.0,-19.0,-19.0
2022-09-19 10:47:20.187500,-19.0,-19.0,-19.0
2022-09-19 10:47:20.218750,-19.0,-19.0,-19.0
2022-09-19 10:47:20.250000,-20.0,-20.0,-20.0
2022-09-19 10:47:20.281250,-19.0,-19.0,-19.0
2022-09-19 10:47:20.312500,-20.0,-20.0,-20.0
2022-09-19 10:47:20.343750,-19.0,-19.0,-19.0
2022-09-19 10:47:20.375000,-19.0,-19.0,-19.0
2022-09-19 10:47:20.406250,-19.0,-19.0,-19.0
2022-09-19 10:47:20.437500,-19.0,-19.0,-19.0
2022-09-19 10:47:20.468750,-19.0,-19.0,-19.0
2022-09-19 10:47:20.500000,-19.0,-19.0,-19.0
2022-09-19 10:47:20.531250,-20.0,-20.0,-20.0
2022-09-19 10:47:20.562500,-19.0,-19.0,-19.0
2022-09-19 10:47:20.593750,-19.0,-19.0,-19.0
2022-09-19 10:47:20.625000,-19.0,-19.0,-19.0
2022-09-19 10:47:20.656250,-19.0,-19.0,-19.0
2022-09-19 10:47:20.687500,-20.0,-20.0,-20.0
2022-09-19 10:47:20.718750,-19.0,-19.0,-19.0
2022-09-19 10:47:20.750000,-19.0,-19.0,-19.0
2022-09-19 10:47:20.781250,-19.0,-19.0,-19.0
2022-09-19 10:47:20.812500,-19.0,-19.0,-19.0
2022-09-19 10:47:20.843750,-20.0,-20.0,-20.0
2022-09-19 10:47:20.875000,-20.0,-20.0,-20.0
2022-09-19 10:47:20.906250,-19.0,-19.0,-19.0
2022-09-19 10:47:20.937500,-20.0,-20.0,-20.0
2022-09-19 10:47:20.968750,-19.0,-19.0,-19.0
2022-09-19 10:47:21.000000,-19.0,-19.0,-19.0
2022-09-19 10:47:21.031250,-19.0,-19.0,-19.0
2022-09-19 10:47:21.062500,-19.0,-19.0,-19.0
2022-09-19 10:47:21.093750,-19.0,-19.0,-19.0
2022-09-19 10:47:21.125000,-19.0,-19.0,-19.0
2022-09-19 10:47:21.156250,-19.0,-19.0,-19.0
2022-09-19 10:47:21.187500,-19.0,-19.0,-19.0
2022-09-19 10:47:21.218750,-19.0,-19.0,-19.0
2022-09-19 10:47:21.250000,-19.0,-19.0,-19.0
2022-09-19 10:47:21.281250,-20.0,-20.0,-20.0
2022-09-19 10:47:21.312500,-19.0,-19.0,-19.0
2022-09-19 10:47:21.343750,-19.0,-19.0,-19.0
2022-09-19 10:47:21.375000,-20.0,-20.0,-20.0
2022-09-19 10:47:21.406250,-19.0,-19.0,-19.0
2022-09-19 10:47:21.437500,-20.0,-20.0,-20.0
2022-09-19 10:47:21.468750,-19.0,-19.0,-19.0
2022-09-19 10:47:21.500000,-19.0,-19.0,-19.0
2022-09-19 10:47:21.531250,-19.0,-19.0,-19.0
2022-09-19 10:47:21.562500,-19.0,-19.0,-19.0
2022-09-19 10:47:21.593750,-19.0,-19.0,-19.0
2022-09-19 10:47:21.625000,-19.0,-19.0,-19.0
2022-09-19 10:47:21.656250,-18.0,-18.0,-18.0
2022-09-19 10:47:21.687500,-18.0,-18.0,-18.0
2022-09-19 10:47:21.718750,-20.0,-20.0,-20.0
2022-09-19 10:47:21.750000,-19.0,-19.0,-19.0
2022-09-19 10:47:21.781250,-18.0,-18.0,-18.0
2022-09-19 10:47:21.812500,-19.0,-19.0,-19.0
2022-09-19 10:47:21.843750,-20.0,-20.0,-20.0
2022-09-19 10:47:21.875000,-18.0,-18.0,-18.0
2022-09-19 10:47:21.906250,-19.0,-19.0,-19.0
2022-09-19 10:47:21.937500,-19.0,-19.0,-19.0
2022-09-19 10:47:21.968750,-19.0,-19.0,-19.0
2022-09-19 10:47:22.000000,-19.0,-19.0,-19.0
2022-09-19 10:47:22.031250,-19.0,-19.0,-19.0
2022-09-19 10:47:22.062500,-21.0,-21.0,-21.0
2022-09-19 10:47:22.093750,-19.0,-19.0,-19.0
2022-09-19 10:47:22.125000,-20.0,-20.0,-20.0
2022-09-19 10:47:22.156250,-20.0,-20.0,-20.0
2022-09-19 10:47:22.187500,-20.0,-20.0,-20.0
2022-09-19 10:47:22.218750,-19.0,-19.0,-19.0
2022-09-19 10:47:22.250000,-19.0,-19.0,-19.0
2022-09-19 10:47:22.281250,-20.0,-20.0,-20.0
2022-09-19 10:47:22.312500,-20.0,-20.0,-20.0
2022-09-19 10:47:22.343750,-19.0,-19.0,-19.0
2022-09-19 10:47:22.375000,-20.0,-20.0,-20.0
2022-09-19 10:47:22.406250,-19.0,-19.0,-19.0
2022-09-19 10:47:22.437500,-19.0,-19.0,-19.0
2022-09-19 10:47:22.468750,-19.0,-19.0,-19.0
2022-09-19 10:47:22.500000,-19.0,-19.0,-19.0
2022-09-19 10:47:22.531250,-19.0,-19.0,-19.0
2022-09-19 10:47:22.562500,-19.0,-19.0,-19.0
2022-09-19 10:47:22.593750,-19.0,-19.0,-19.0
2022-09-19 10:47:22.625000,-19.0,-19.0,-19.0
2022-09-19 10:47:22.656250,-19.0,-19.0,-19.0
2022-09-19 10:47:22.687500,-19.0,-19.0,-19.0
2022-09-19 10:47:22.718750,-19.0,-19.0,-19.0
2022-09-19 10:47:22.750000,-19.0,-19.0,-19.0
2022-09-19 10:47:22.781250,-19.0,-19.0,-19.0
2022-09-19 10:47:22.812500,-19.0,-19.0,-19.0
2022-09-19 10:47:22.843750,-19.0,-19.0,-19.0
2022-09-19 10:47:22.875000,-19.0,-19.0,-19.0
2022-09-19 10:47:22.906250,-19.0,-19.0,-19.0
2022-09-19 10:47:22.937500,-19.0,-19.0,-19.0
2022-09-19 10:47:22.968750,-19.0,-19.0,-19.0
2022-09-19 10:47:23.000000,-19.0,-19.0,-19.0
2022-09-19 10:47:23.031250,-19.0,-19.0,-19.0
2022-09-19 10:47:23.062500,-19.0,-19.0,-19.0
2022-09-19 10:47:23.093750,-18.0,-18.0,-18.0
2022-09-19 10:47:23.125000,-19.0,-19.0,-19.0
2022-09-19 10:47:23.156250,-19.0,-19.0,-19.0
2022-09-19 10:47:23.187500,-19.0,-19.0,-19.0
2022-09-19 10:47:23.218750,-19.0,-19.0,-19.0
2022-09-19 10:47:23.250000,-19.0,-19.0,-19.0
2022-09-19 10:47:23.281250,-19.0,-19.0,-19.0
2022-09-19 10:47:23.312500,-19.0,-19.0,-19.0
2022-09-19 10:47:23.343750,-19.0,-19.0,-19.0
2022-09-19 10:47:23.375000,-19.0,-19.0,-19.0
2022-09-19 10:47:23.406250,-19.0,-19.0,-19.0
2022-09-19 10:47:23.437500,-19.0,-19.0,-19.0
2022-09-19 10:47:23.468750,-19.0,-19.0,-19.0
2022-09-19 10:47:23.500000,-19.0,-19.0,-19.0
2022-09-19 10:47:23.531250,-19.0,-19.0,-19.0
2022-09-19 10:47:23.562500,-19.0,-19.0,-19.0
2022-09-19 10:47:23.593750,-19.0,-19.0,-19.0
2022-09-19 10:47:23.625000,-18.0,-18.0,-18.0
2022-09-19 10:47:23.656250,-20.0,-20.0,-20.0
2022-09-19 10:47:23.687500,-22.0,-22.0,-22.0
2022-09-19 10:47:23.718750,-24.0,-24.0,-24.0
2022-09-19 10:47:23.750000,-18.0,-18.0,-18.0
2022-09-19 10:47:23.781250,-15.0,-15.0,-15.0
2022-09-19 10:47:23.812500,-10.0,-10.0,-10.0
2022-09-19 10:47:23.843750,-10.0,-10.0,-10.0
2022-09-19 10:47:23.875000,-11.0,-11.0,-11.0
2022-09-19 10:47:23.906250,-12.0,-12.0,-12.0
2022-09-19 10:47:23.937500,-17.0,-17.0,-17.0
2022-09-19 10:47:23.968750,-19.0,-19.0,-19.0
2022-09-19 10:47:24.000000,-24.0,-24.0,-24.0
2022-09-19 10:47:24.031250,-25.0,-25.0,-25.0
2022-09-19 10:47:24.062500,-27.0,-27.0,-27.0
2022-09-19 10:47:24.093750,-29.0,-29.0,-29.0
2022-09-19 10:47:24.125000,-31.0,-31.0,-31.0
2022-09-19 10:47:24.156250,-27.0,-27.0,-27.0
2022-09-19 10:47:24.187500,-36.0,-36.0,-36.0
2022-09-19 10:47:24.218750,-38.0,-38.0,-38.0
2022-09-19 10:47:24.250000,-26.0,-26.0,-26.0
2022-09-19 10:47:24.281250,-21.0,-21.0,-21.0
2022-09-19 10:47:24.312500,-30.0,-30.0,-30.0
2022-09-19 10:47:24.343750,-21.0,-21.0,-21.0
2022-09-19 10:47:24.375000,-16.0,-16.0,-16.0
2022-09-19 10:47:24.406250,-18.0,-18.0,-18.0
2022-09-19 10:47:24.437500,-25.0,-25.0,-25.0
2022-09-19 10:47:24.468750,-21.0,-21.0,-21.0
2022-09-19 10:47:24.500000,-22.0,-22.0,-22.0
2022-09-19 10:47:24.531250,-24.0,-24.0,-24.0
2022-09-19 10:47:24.562500,-22.0,-22.0,-22.0
2022-09-19 10:47:24.593750,-17.0,-17.0,-17.0
2022-09-19 10:47:24.625000,-18.0,-18.0,-18.0
2022-09-19 10:47:24.656250,-20.0,-20.0,-20.0
2022-09-19 10:47:24.687500,-21.0,-21.0,-21.0
2022-09-19 10:47:24.718750,-21.0,-21.0,-21.0
2022-09-19 10:47:24.750000,-23.0,-23.0,-23.0
2022-09-19 10:47:24.781250,-27.0,-27.0,-27.0
2022-09-19 10:47:24.812500,-27.0,-27.0,-27.0
2022-09-19 10:47:24.843750,-24.0,-24.0,-24.0
2022-09-19 10:47:24.875000,-24.0,-24.0,-24.0
2022-09-19 10:47:24.906250,-25.0,-25.0,-25.0
2022-09-19 10:47:24.937500,-25.0,-25.0,-25.0
2022-09-19 10:47:24.968750,-25.0,-25.0,-25.0
2022-09-19 10:47:25.000000,-28.0,-28.0,-28.0
2022-09-19 10:47:25.031250,-30.0,-30.0,-30.0
2022-09-19 10:47:25.062500,-29.0,-29.0,-29.0
2022-09-19 10:47:25.093750,-30.0,-30.0,-30.0
2022-09-19 10:47:25.125000,-29.0,-29.0,-29.0
2022-09-19 10:47:25.156250,-27.0,-27.0,-27.0
2022-09-19 10:47:25.187500,-27.0,-27.0,-27.0
2022-09-19 10:47:25.218750,-27.0,-27.0,-27.0
2022-09-19 10:47:25.250000,-27.0,-27.0,-27.0
2022-09-19 10:47:25.281250,-28.0,-28.0,-28.0
2022-09-19 10:47:25.312500,-28.0,-28.0,-28.0
2022-09-19 10:47:25.343750,-28.0,-28.0,-28.0
2022-09-19 10:47:25.375000,-31.0,-31.0,-31.0
2022-09-19 10:47:25.406250,-29.0,-29.0,-29.0
2022-09-19 10:47:25.437500,-29.0,-29.0,-29.0
2022-09-19 10:47:25.468750,-27.0,-27.0,-27.0
2022-09-19 10:47:25.500000,-29.0,-29.0,-29.0
2022-09-19 10:47:25.531250,-25.0,-25.0,-25.0
2022-09-19 10:47:25.562500,-25.0,-25.0,-25.0
2022-09-19 10:47:25.593750,-24.0,-24.0,-24.0
2022-09-19 10:47:25.625000,-27.0,-27.0,-27.0
2022-09-19 10:47:25.656250,-26.0,-26.0,-26.0
2022-09-19 10:47:25.687500,-25.0,-25.0,-25.0
2022-09-19 10:47:25.718750,-27.0,-27.0,-27.0
2022-09-19 10:47:25.750000,-27.0,-27.0,-27.0
2022-09-19 10:47:25.781250,-26.0,-26.0,-26.0
2022-09-19 10:47:25.812500,-27.0,-27.0,-27.0
2022-09-19 10:47:25.843750,-28.0,-28.0,-28.0
2022-09-19 10:47:25.875000,-26.0,-26.0,-26.0
2022-09-19 10:47:25.906250,-25.0,-25.0,-25.0
2022-09-19 10:47:25.937500,-25.0,-25.0,-25.0
2022-09-19 10:47:25.968750,-26.0,-26.0,-26.0
2022-09-19 10:47:26.000000,-26.0,-26.0,-26.0
2022-09-19 10:47:26.031250,-25.0,-25.0,-25.0
2022-09-19 10:47:26.062500,-27.0,-27.0,-27.0
2022-09-19 10:47:26.093750,-28.0,-28.0,-28.0
2022-09-19 10:47:26.125000,-26.0,-26.0,-26.0
2022-09-19 10:47:26.156250,-26.0,-26.0,-26.0
2022-09-19 10:47:26.187500,-27.0,-27.0,-27.0
2022-09-19 10:47:26.218750,-26.0,-26.0,-26.0
2022-09-19 10:47:26.250000,-27.0,-27.0,-27.0
2022-09-19 10:47:26.281250,-25.0,-25.0,-25.0
2022-09-19 10:47:26.312500,-25.0,-25.0,-25.0
2022-09-19 10:47:26.343750,-29.0,-29.0,-29.0
2022-09-19 10:47:26.375000,-28.0,-28.0,-28.0
2022-09-19 10:47:26.406250,-27.0,-27.0,-27.0
2022-09-19 10:47:26.437500,-28.0,-28.0,-28.0
2022-09-19 10:47:26.468750,-27.0,-27.0,-27.0
2022-09-19 10:47:26.500000,-25.0,-25.0,-25.0
2022-09-19 10:47:26.531250,-26.0,-26.0,-26.0
2022-09-19 10:47:26.562500,-28.0,-28.0,-28.0
2022-09-19 10:47:26.593750,-27.0,-27.0,-27.0
2022-09-19 10:47:26.625000,-29.0,-29.0,-29.0
2022-09-19 10:47:26.656250,-29.0,-29.0,-29.0
2022-09-19 10:47:26.687500,-28.0,-28.0,-28.0
2022-09-19 10:47:26.718750,-27.0,-27.0,-27.0
2022-09-19 10:47:26.750000,-26.0,-26.0,-26.0
2022-09-19 10:47:26.781250,-27.0,-27.0,-27.0
2022-09-19 10:47:26.812500,-28.0,-28.0,-28.0
2022-09-19 10:47:26.843750,-26.0,-26.0,-26.0
2022-09-19 10:47:26.875000,-29.0,-29.0,-29.0
2022-09-19 10:47:26.906250,-29.0,-29.0,-29.0
2022-09-19 10:47:26.937500,-30.0,-30.0,-30.0
2022-09-19 10:47:26.968750,-32.0,-32.0,-32.0
2022-09-19 10:47:27.000000,-31.0,-31.0,-31.0
2022-09-19 10:47:27.031250,-28.0,-28.0,-28.0
2022-09-19 10:47:27.062500,-31.0,-31.0,-31.0
2022-09-19 10:47:27.093750,-40.0,-40.0,-40.0
2022-09-19 10:47:27.125000,-41.0,-41.0,-41.0
2022-09-19 10:47:27.156250,-43.0,-43.0,-43.0
2022-09-19 10:47:27.187500,-32.0,-32.0,-32.0
2022-09-19 10:47:27.218750,-31.0,-31.0,-31.0
2022-09-19 10:47:27.250000,-29.0,-29.0,-29.0
2022-09-19 10:47:27.281250,-27.0,-27.0,-27.0
2022-09-19 10:47:27.312500,-28.0,-28.0,-28.0
2022-09-19 10:47:27.343750,-28.0,-28.0,-28.0
2022-09-19 10:47:27.375000,-23.0,-23.0,-23.0
2022-09-19 10:47:27.406250,-26.0,-26.0,-26.0
2022-09-19 10:47:27.437500,-26.0,-26.0,-26.0
2022-09-19 10:47:27.468750,-24.0,-24.0,-24.0
2022-09-19 10:47:27.500000,-28.0,-28.0,-28.0
2022-09-19 10:47:27.531250,-31.0,-31.0,-31.0
2022-09-19 10:47:27.562500,-29.0,-29.0,-29.0
2022-09-19 10:47:27.593750,-30.0,-30.0,-30.0
2022-09-19 10:47:27.625000,-30.0,-30.0,-30.0
2022-09-19 10:47:27.656250,-37.0,-37.0,-37.0
2022-09-19 10:47:27.687500,-50.0,-50.0,-50.0
2022-09-19 10:47:27.718750,-54.0,-54.0,-54.0
2022-09-19 10:47:27.750000,-38.0,-38.0,-38.0
2022-09-19 10:47:27.781250,-30.0,-30.0,-30.0
2022-09-19 10:47:27.812500,-29.0,-29.0,-29.0
2022-09-19 10:47:27.843750,-31.0,-31.0,-31.0
2022-09-19 10:47:27.875000,-37.0,-37.0,-37.0
2022-09-19 10:47:27.906250,-48.0,-48.0,-48.0
2022-09-19 10:47:27.937500,-55.0,-55.0,-55.0
2022-09-19 10:47:27.968750,-45.0,-45.0,-45.0
2022-09-19 10:47:28.000000,-37.0,-37.0,-37.0
2022-09-19 10:47:28.031250,-32.0,-32.0,-32.0
2022-09-19 10:47:28.062500,-32.0,-32.0,-32.0
2022-09-19 10:47:28.093750,-34.0,-34.0,-34.0
2022-09-19 10:47:28.125000,-45.0,-45.0,-45.0
2022-09-19 10:47:28.156250,-49.0,-49.0,-49.0
2022-09-19 10:47:28.187500,-47.0,-47.0,-47.0
2022-09-19 10:47:28.218750,-29.0,-29.0,-29.0
2022-09-19 10:47:28.250000,-26.0,-26.0,-26.0
2022-09-19 10:47:28.281250,-38.0,-38.0,-38.0
2022-09-19 10:47:28.312500,-41.0,-41.0,-41.0
2022-09-19 10:47:28.343750,-40.0,-40.0,-40.0
2022-09-19 10:47:28.375000,-42.0,-42.0,-42.0
2022-09-19 10:47:28.406250,-42.0,-42.0,-42.0
2022-09-19 10:47:28.437500,-41.0,-41.0,-41.0
2022-09-19 10:47:28.468750,-43.0,-43.0,-43.0
2022-09-19 10:47:28.500000,-35.0,-35.0,-35.0
2022-09-19 10:47:28.531250,-33.0,-33.0,-33.0
2022-09-19 10:47:28.562500,-38.0,-38.0,-38.0
2022-09-19 10:47:28.593750,-44.0,-44.0,-44.0
2022-09-19 10:47:28.625000,-41.0,-41.0,-41.0
2022-09-19 10:47:28.656250,-40.0,-40.0,-40.0
2022-09-19 10:47:28.687500,-45.0,-45.0,-45.0
2022-09-19 10:47:28.718750,-43.0,-43.0,-43.0
2022-09-19 10:47:28.750000,-45.0,-45.0,-45.0
2022-09-19 10:47:28.781250,-35.0,-35.0,-35.0
2022-09-19 10:47:28.812500,-38.0,-38.0,-38.0
2022-09-19 10:47:28.843750,-38.0,-38.0,-38.0
2022-09-19 10:47:28.875000,-44.0,-44.0,-44.0
2022-09-19 10:47:28.906250,-46.0,-46.0,-46.0
2022-09-19 10:47:28.937500,-47.0,-47.0,-47.0
2022-09-19 10:47:28.968750,-44.0,-44.0,-44.0
2022-09-19 10:47:29.000000,-45.0,-45.0,-45.0
2022-09-19 10:47:29.031250,-41.0,-41.0,-41.0
2022-09-19 10:47:29.062500,-37.0,-37.0,-37.0
2022-09-19 10:47:29.093750,-34.0,-34.0,-34.0
2022-09-19 10:47:29.125000,-43.0,-43.0,-43.0
2022-09-19 10:47:29.156250,-41.0,-41.0,-41.0
2022-09-19 10:47:29.187500,-47.0,-47.0,-47.0
2022-09-19 10:47:29.218750,-49.0,-49.0,-49.0
2022-09-19 10:47:29.250000,-41.0,-41.0,-41.0
2022-09-19 10:47:29.281250,-39.0,-39.0,-39.0
2022-09-19 10:47:29.312500,-39.0,-39.0,-39.0
2022-09-19 10:47:29.343750,-41.0,-41.0,-41.0
2022-09-19 10:47:29.375000,-37.0,-37.0,-37.0
2022-09-19 10:47:29.406250,-37.0,-37.0,-37.0
2022-09-19 10:47:29.437500,-38.0,-38.0,-38.0
2022-09-19 10:47:29.468750,-39.0,-39.0,-39.0
2022-09-19 10:47:29.500000,-41.0,-41.0,-41.0
2022-09-19 10:47:29.531250,-38.0,-38.0,-38.0
2022-09-19 10:47:29.562500,-39.0,-39.0,-39.0
2022-09-19 10:47:29.593750,-41.0,-41.0,-41.0
2022-09-19 10:47:29.625000,-51.0,-51.0,-51.0
2022-09-19 10:47:29.656250,-52.0,-52.0,-52.0
2022-09-19 10:47:29.687500,-43.0,-43.0,-43.0
2022-09-19 10:47:29.718750,-38.0,-38.0,-38.0
2022-09-19 10:47:29.750000,-49.0,-49.0,-49.0
2022-09-19 10:47:29.781250,-37.0,-37.0,-37.0
2022-09-19 10:47:29.812500,-36.0,-36.0,-36.0
2022-09-19 10:47:29.843750,-35.0,-35.0,-35.0
2022-09-19 10:47:29.875000,-39.0,-39.0,-39.0
2022-09-19 10:47:29.906250,-31.0,-31.0,-31.0
2022-09-19 10:47:29.937500,-34.0,-34.0,-34.0
2022-09-19 10:47:29.968750,-35.0,-35.0,-35.0
2022-09-19 10:47:30.000000,-38.0,-38.0,-38.0
2022-09-19 10:47:30.031250,-36.0,-36.0,-36.0
2022-09-19 10:47:30.062500,-36.0,-36.0,-36.0
2022-09-19 10:47:30.093750,-38.0,-38.0,-38.0
2022-09-19 10:47:30.125000,-37.0,-37.0,-37.0
2022-09-19 10:47:30.156250,-38.0,-38.0,-38.0
2022-09-19 10:47:30.187500,-38.0,-38.0,-38.0
2022-09-19 10:47:30.218750,-38.0,-38.0,-38.0
2022-09-19 10:47:30.250000,-38.0,-38.0,-38.0
2022-09-19 10:47:30.281250,-38.0,-38.0,-38.0
2022-09-19 10:47:30.312500,-38.0,-38.0,-38.0
2022-09-19 10:47:30.343750,-39.0,-39.0,-39.0
2022-09-19 10:47:30.375000,-38.0,-38.0,-38.0
2022-09-19 10:47:30.406250,-38.0,-38.0,-38.0
2022-09-19 10:47:30.437500,-38.0,-38.0,-38.0
2022-09-19 10:47:30.468750,-39.0,-39.0,-39.0
2022-09-19 10:47:30.500000,-39.0,-39.0,-39.0
2022-09-19 10:47:30.531250,-38.0,-38.0,-38.0
2022-09-19 10:47:30.562500,-38.0,-38.0,-38.0
2022-09-19 10:47:30.593750,-38.0,-38.0,-38.0
2022-09-19 10:47:30.625000,-39.0,-39.0,-39.0
2022-09-19 10:47:30.656250,-38.0,-38.0,-38.0
2022-09-19 10:47:30.687500,-39.0,-39.0,-39.0
2022-09-19 10:47:30.718750,-38.0,-38.0,-38.0
2022-09-19 10:47:30.750000,-39.0,-39.0,-39.0
2022-09-19 10:47:30.781250,-39.0,-39.0,-39.0
2022-09-19 10:47:30.812500,-38.0,-38.0,-38.0
2022-09-19 10:47:30.843750,-38.0,-38.0,-38.0
2022-09-19 10:47:30.875000,-38.0,-38.0,-38.0
2022-09-19 10:47:30.906250,-40.0,-40.0,-40.0
2022-09-19 10:47:30.937500,-40.0,-40.0,-40.0
2022-09-19 10:47:30.968750,-38.0,-38.0,-38.0
2022-09-19 10:47:31.000000,-38.0,-38.0,-38.0
2022-09-19 10:47:31.031250,-39.0,-39.0,-39.0
2022-09-19 10:47:31.062500,-40.0,-40.0,-40.0
2022-09-19 10:47:31.093750,-39.0,-39.0,-39.0
2022-09-19 10:47:31.125000,-38.0,-38.0,-38.0
2022-09-19 10:47:31.156250,-39.0,-39.0,-39.0
2022-09-19 10:47:31.187500,-39.0,-39.0,-39.0
2022-09-19 10:47:31.218750,-40.0,-40.0,-40.0
2022-09-19 10:47:31.250000,-38.0,-38.0,-38.0
2022-09-19 10:47:31.281250,-39.0,-39.0,-39.0
2022-09-19 10:47:31.312500,-39.0,-39.0,-39.0
2022-09-19 10:47:31.343750,-41.0,-41.0,-41.0
2022-09-19 10:47:31.375000,-41.0,-41.0,-41.0
2022-09-19 10:47:31.406250,-39.0,-39.0,-39.0
2022-09-19 10:47:31.437500,-41.0,-41.0,-41.0
2022-09-19 10:47:31.468750,-42.0,-42.0,-42.0
2022-09-19 10:47:31.500000,-41.0,-41.0,-41.0
2022-09-19 10:47:31.531250,-41.0,-41.0,-41.0
2022-09-19 10:47:31.562500,-41.0,-41.0,-41.0
2022-09-19 10:47:31.593750,-40.0,-40.0,-40.0
2022-09-19 10:47:31.625000,-43.0,-43.0,-43.0
2022-09-19 10:47:31.656250,-40.0,-40.0,-40.0
2022-09-19 10:47:31.687500,-40.0,-40.0,-40.0
2022-09-19 10:47:31.718750,-39.0,-39.0,-39.0
2022-09-19 10:47:31.750000,-40.0,-40.0,-40.0
2022-09-19 10:47:31.781250,-40.0,-40.0,-40.0
2022-09-19 10:47:31.812500,-40.0,-40.0,-40.0
2022-09-19 10:47:31.843750,-39.0,-39.0,-39.0
2022-09-19 10:47:31.875000,-40.0,-40.0,-40.0
2022-09-19 10:47:31.906250,-40.0,-40.0,-40.0
2022-09-19 10:47:31.937500,-39.0,-39.0,-39.0
2022-09-19 10:47:31.968750,-40.0,-40.0,-40.0
2022-09-19 10:47:32.000000,-38.0,-38.0,-38.0
2022-09-19 10:47:32.031250,-39.0,-39.0,-39.0
2022-09-19 10:47:32.062500,-38.0,-38.0,-38.0
2022-09-19 10:47:32.093750,-39.0,-39.0,-39.0
2022-09-19 10:47:32.125000,-38.0,-38.0,-38.0
2022-09-19 10:47:32.156250,-38.0,-38.0,-38.0
2022-09-19 10:47:32.187500,-40.0,-40.0,-40.0
2022-09-19 10:47:32.218750,-41.0,-41.0,-41.0
2022-09-19 10:47:32.250000,-38.0,-38.0,-38.0
2022-09-19 10:47:32.281250,-42.0,-42.0,-42.0
2022-09-19 10:47:32.312500,-40.0,-40.0,-40.0
2022-09-19 10:47:32.343750,-41.0,-41.0,-41.0
2022-09-19 10:47:32.375000,-42.0,-42.0,-42.0
2022-09-19 10:47:32.406250,-38.0,-38.0,-38.0
2022-09-19 10:47:32.437500,-42.0,-42.0,-42.0
2022-09-19 10:47:32.468750,-41.0,-41.0,-41.0
2022-09-19 10:47:32.500000,-44.0,-44.0,-44.0
2022-09-19 10:47:32.531250,-40.0,-40.0,-40.0
2022-09-19 10:47:32.562500,-43.0,-43.0,-43.0
2022-09-19 10:47:32.593750,-42.0,-42.0,-42.0
2022-09-19 10:47:32.625000,-44.0,-44.0,-44.0
2022-09-19 10:47:32.656250,-45.0,-45.0,-45.0
2022-09-19 10:47:32.687500,-43.0,-43.0,-43.0
2022-09-19 10:47:32.718750,-42.0,-42.0,-42.0
2022-09-19 10:47:32.750000,-45.0,-45.0,-45.0
2022-09-19 10:47:32.781250,-44.0,-44.0,-44.0
2022-09-19 10:47:32.812500,-41.0,-41.0,-41.0
2022-09-19 10:47:32.843750,-43.0,-43.0,-43.0
2022-09-19 10:47:32.875000,-43.0,-43.0,-43.0
2022-09-19 10:47:32.906250,-42.0,-42.0,-42.0
2022-09-19 10:47:32.937500,-43.0,-43.0,-43.0
2022-09-19 10:47:32.968750,-42.0,-42.0,-42.0
2022-09-19 10:47:33.000000,-44.0,-44.0,-44.0
2022-09-19 10:47:33.031250,-43.0,-43.0,-43.0
2022-09-19 10:47:33.062500,-44.0,-44.0,-44.0
2022-09-19 10:47:33.093750,-45.0,-45.0,-45.0
2022-09-19 10:47:33.125000,-43.0,-43.0,-43.0
2022-09-19 10:47:33.156250,-44.0,-44.0,-44.0
2022-09-19 10:47:33.187500,-43.0,-43.0,-43.0
2022-09-19 10:47:33.218750,-44.0,-44.0,-44.0
2022-09-19 10:47:33.250000,-43.0,-43.0,-43.0
2022-09-19 10:47:33.281250,-44.0,-44.0,-44.0
2022-09-19 10:47:33.312500,-44.0,-44.0,-44.0
2022-09-19 10:47:33.343750,-44.0,-44.0,-44.0
2022-09-19 10:47:33.375000,-43.0,-43.0,-43.0
2022-09-19 10:47:33.406250,-46.0,-46.0,-46.0
2022-09-19 10:47:33.437500,-45.0,-45.0,-45.0
2022-09-19 10:47:33.468750,-44.0,-44.0,-44.0
2022-09-19 10:47:33.500000,-45.0,-45.0,-45.0
2022-09-19 10:47:33.531250,-45.0,-45.0,-45.0
2022-09-19 10:47:33.562500,-45.0,-45.0,-45.0
2022-09-19 10:47:33.593750,-46.0,-46.0,-46.0
2022-09-19 10:47:33.625000,-45.0,-45.0,-45.0
2022-09-19 10:47:33.656250,-44.0,-44.0,-44.0
2022-09-19 10:47:33.687500,-46.0,-46.0,-46.0
2022-09-19 10:47:33.718750,-45.0,-45.0,-45.0
2022-09-19 10:47:33.750000,-45.0,-45.0,-45.0
2022-09-19 10:47:33.781250,-45.0,-45.0,-45.0
2022-09-19 10:47:33.812500,-46.0,-46.0,-46.0
2022-09-19 10:47:33.843750,-46.0,-46.0,-46.0
2022-09-19 10:47:33.875000,-46.0,-46.0,-46.0
2022-09-19 10:47:33.906250,-45.0,-45.0,-45.0
2022-09-19 10:47:33.937500,-46.0,-46.0,-46.0
2022-09-19 10:47:33.968750,-46.0,-46.0,-46.0
2022-09-19 10:47:34.000000,-45.0,-45.0,-45.0
2022-09-19 10:47:34.031250,-46.0,-46.0,-46.0
2022-09-19 10:47:34.062500,-45.0,-45.0,-45.0
2022-09-19 10:47:34.093750,-46.0,-46.0,-46.0
2022-09-19 10:47:34.125000,-45.0,-45.0,-45.0
2022-09-19 10:47:34.156250,-45.0,-45.0,-45.0
2022-09-19 10:47:34.187500,-46.0,-46.0,-46.0
2022-09-19 10:47:34.218750,-45.0,-45.0,-45.0
2022-09-19 10:47:34.250000,-46.0,-46.0,-46.0
2022-09-19 10:47:34.281250,-45.0,-45.0,-45.0
2022-09-19 10:47:34.312500,-46.0,-46.0,-46.0
2022-09-19 10:47:34.343750,-45.0,-45.0,-45.0
2022-09-19 10:47:34.375000,-46.0,-46.0,-46.0
2022-09-19 10:47:34.406250,-46.0,-46.0,-46.0
2022-09-19 10:47:34.437500,-46.0,-46.0,-46.0
2022-09-19 10:47:34.468750,-46.0,-46.0,-46.0
2022-09-19 10:47:34.500000,-46.0,-46.0,-46.0
2022-09-19 10:47:34.531250,-46.0,-46.0,-46.0
2022-09-19 10:47:34.562500,-46.0,-46.0,-46.0
2022-09-19 10:47:34.593750,-46.0,-46.0,-46.0
2022-09-19 10:47:34.625000,-46.0,-46.0,-46.0
2022-09-19 10:47:34.656250,-46.0,-46.0,-46.0
2022-09-19 10:47:34.687500,-46.0,-46.0,-46.0
2022-09-19 10:47:34.718750,-45.0,-45.0,-45.0
2022-09-19 10:47:34.750000,-46.0,-46.0,-46.0
2022-09-19 10:47:34.781250,-46.0,-46.0,-46.0
2022-09-19 10:47:34.812500,-45.0,-45.0,-45.0
2022-09-19 10:47:34.843750,-46.0,-46.0,-46.0
2022-09-19 10:47:34.875000,-46.0,-46.0,-46.0
2022-09-19 10:47:34.906250,-46.0,-46.0,-46.0
2022-09-19 10:47:34.937500,-46.0,-46.0,-46.0
2022-09-19 10:47:34.968750,-46.0,-46.0,-46.0
2022-09-19 10:47:35.000000,-46.0,-46.0,-46.0
2022-09-19 10:47:35.031250,-44.0,-44.0,-44.0
2022-09-19 10:47:35.062500,-46.0,-46.0,-46.0
2022-09-19 10:47:35.093750,-46.0,-46.0,-46.0
2022-09-19 10:47:35.125000,-45.0,-45.0,-45.0
2022-09-19 10:47:35.156250,-45.0,-45.0,-45.0
2022-09-19 10:47:35.187500,-46.0,-46.0,-46.0
2022-09-19 10:47:35.218750,-46.0,-46.0,-46.0
2022-09-19 10:47:35.250000,-46.0,-46.0,-46.0
2022-09-19 10:47:35.281250,-46.0,-46.0,-46.0
2022-09-19 10:47:35.312500,-46.0,-46.0,-46.0
2022-09-19 10:47:35.343750,-45.0,-45.0,-45.0
2022-09-19 10:47:35.375000,-46.0,-46.0,-46.0
2022-09-19 10:47:35.406250,-46.0,-46.0,-46.0
2022-09-19 10:47:35.437500,-46.0,-46.0,-46.0
2022-09-19 10:47:35.468750,-45.0,-45.0,-45.0
2022-09-19 10:47:35.500000,-46.0,-46.0,-46.0
2022-09-19 10:47:35.531250,-47.0,-47.0,-47.0
2022-09-19 10:47:35.562500,-46.0,-46.0,-46.0
2022-09-19 10:47:35.593750,-46.0,-46.0,-46.0
2022-09-19 10:47:35.625000,-46.0,-46.0,-46.0
2022-09-19 10:47:35.656250,-46.0,-46.0,-46.0
2022-09-19 10:47:35.687500,-46.0,-46.0,-46.0
2022-09-19 10:47:35.718750,-46.0,-46.0,-46.0
2022-09-19 10:47:35.750000,-46.0,-46.0,-46.0
2022-09-19 10:47:35.781250,-46.0,-46.0,-46.0
2022-09-19 10:47:35.812500,-45.0,-45.0,-45.0
2022-09-19 10:47:35.843750,-46.0,-46.0,-46.0
2022-09-19 10:47:35.875000,-46.0,-46.0,-46.0
2022-09-19 10:47:35.906250,-46.0,-46.0,-46.0
2022-09-19 10:47:35.937500,-45.0,-45.0,-45.0
2022-09-19 10:47:35.968750,-47.0,-47.0,-47.0
2022-09-19 10:47:36.000000,-46.0,-46.0,-46.0
2022-09-19 10:47:36.031250,-46.0,-46.0,-46.0
2022-09-19 10:47:36.062500,-46.0,-46.0,-46.0
2022-09-19 10:47:36.093750,-47.0,-47.0,-47.0
2022-09-19 10:47:36.125000,-46.0,-46.0,-46.0
2022-09-19 10:47:36.156250,-46.0,-46.0,-46.0
2022-09-19 10:47:36.187500,-46.0,-46.0,-46.0
2022-09-19 10:47:36.218750,-46.0,-46.0,-46.0
2022-09-19 10:47:36.250000,-46.0,-46.0,-46.0
2022-09-19 10:47:36.281250,-46.0,-46.0,-46.0
2022-09-19 10:47:36.312500,-46.0,-46.0,-46.0
2022-09-19 10:47:36.343750,-46.0,-46.0,-46.0
2022-09-19 10:47:36.375000,-46.0,-46.0,-46.0
2022-09-19 10:47:36.406250,-46.0,-46.0,-46.0
2022-09-19 10:47:36.437500,-46.0,-46.0,-46.0
2022-09-19 10:47:36.468750,-46.0,-46.0,-46.0
2022-09-19 10:47:36.500000,-46.0,-46.0,-46.0
2022-09-19 10:47:36.531250,-46.0,-46.0,-46.0
2022-09-19 10:47:36.562500,-46.0,-46.0,-46.0
2022-09-19 10:47:36.593750,-46.0,-46.0,-46.0
2022-09-19 10:47:36.625000,-46.0,-46.0,-46.0
2022-09-19 10:47:36.656250,-46.0,-46.0,-46.0
2022-09-19 10:47:36.687500,-46.0,-46.0,-46.0
2022-09-19 10:47:36.718750,-47.0,-47.0,-47.0
2022-09-19 10:47:36.750000,-46.0,-46.0,-46.0
2022-09-19 10:47:36.781250,-46.0,-46.0,-46.0
2022-09-19 10:47:36.812500,-46.0,-46.0,-46.0
2022-09-19 10:47:36.843750,-46.0,-46.0,-46.0
2022-09-19 10:47:36.875000,-46.0,-46.0,-46.0
2022-09-19 10:47:36.906250,-45.0,-45.0,-45.0
2022-09-19 10:47:36.937500,-46.0,-46.0,-46.0
2022-09-19 10:47:36.968750,-46.0,-46.0,-46.0
2022-09-19 10:47:37.000000,-46.0,-46.0,-46.0
2022-09-19 10:47:37.031250,-45.0,-45.0,-45.0
2022-09-19 10:47:37.062500,-46.0,-46.0,-46.0
2022-09-19 10:47:37.093750,-45.0,-45.0,-45.0
2022-09-19 10:47:37.125000,-46.0,-46.0,-46.0
2022-09-19 10:47:37.156250,-46.0,-46.0,-46.0
2022-09-19 10:47:37.187500,-46.0,-46.0,-46.0
2022-09-19 10:47:37.218750,-46.0,-46.0,-46.0
2022-09-19 10:47:37.250000,-46.0,-46.0,-46.0
2022-09-19 10:47:37.281250,-46.0,-46.0,-46.0
2022-09-19 10:47:37.312500,-46.0,-46.0,-46.0
2022-09-19 10:47:37.343750,-46.0,-46.0,-46.0
2022-09-19 10:47:37.375000,-46.0,-46.0,-46.0
2022-09-19 10:47:37.406250,-45.0,-45.0,-45.0
2022-09-19 10:47:37.437500,-46.0,-46.0,-46.0
2022-09-19 10:47:37.468750,-46.0,-46.0,-46.0
2022-09-19 10:47:37.500000,-46.0,-46.0,-46.0
2022-09-19 10:47:37.531250,-46.0,-46.0,-46.0
2022-09-19 10:47:37.562500,-46.0,-46.0,-46.0
2022-09-19 10:47:37.593750,-45.0,-45.0,-45.0
2022-09-19 10:47:37.625000,-45.0,-45.0,-45.0
2022-09-19 10:47:37.656250,-46.0,-46.0,-46.0
2022-09-19 10:47:37.687500,-45.0,-45.0,-45.0
2022-09-19 10:47:37.718750,-46.0,-46.0,-46.0
2022-09-19 10:47:37.750000,-46.0,-46.0,-46.0
2022-09-19 10:47:37.781250,-46.0,-46.0,-46.0
2022-09-19 10:47:37.812500,-48.0,-48.0,-48.0
2022-09-19 10:47:37.843750,-45.0,-45.0,-45.0
2022-09-19 10:47:37.875000,-45.0,-45.0,-45.0
2022-09-19 10:47:37.906250,-46.0,-46.0,-46.0
2022-09-19 10:47:37.937500,-46.0,-46.0,-46.0
2022-09-19 10:47:37.968750,-46.0,-46.0,-46.0
2022-09-19 10:47:38.000000,-46.0,-46.0,-46.0
2022-09-19 10:47:38.031250,-46.0,-46.0,-46.0
2022-09-19 10:47:38.062500,-45.0,-45.0,-45.0
2022-09-19 10:47:38.093750,-47.0,-47.0,-47.0
2022-09-19 10:47:38.125000,-45.0,-45.0,-45.0
2022-09-19 10:47:38.156250,-46.0,-46.0,-46.0
2022-09-19 10:47:38.187500,-47.0,-47.0,-47.0
2022-09-19 10:47:38.218750,-47.0,-47.0,-47.0
2022-09-19 10:47:38.250000,-46.0,-46.0,-46.0
2022-09-19 10:47:38.281250,-45.0,-45.0,-45.0
2022-09-19 10:47:38.312500,-45.0,-45.0,-45.0
2022-09-19 10:47:38.343750,-45.0,-45.0,-45.0
2022-09-19 10:47:38.375000,-45.0,-45.0,-45.0
2022-09-19 10:47:38.406250,-45.0,-45.0,-45.0
2022-09-19 10:47:38.437500,-45.0,-45.0,-45.0
2022-09-19 10:47:38.468750,-44.0,-44.0,-44.0
2022-09-19 10:47:38.500000,-45.0,-45.0,-45.0
2022-09-19 10:47:38.531250,-45.0,-45.0,-45.0
2022-09-19 10:47:38.562500,-43.0,-43.0,-43.0
2022-09-19 10:47:38.593750,-45.0,-45.0,-45.0
2022-09-19 10:47:38.625000,-46.0,-46.0,-46.0
2022-09-19 10:47:38.656250,-45.0,-45.0,-45.0
2022-09-19 10:47:38.687500,-45.0,-45.0,-45.0
2022-09-19 10:47:38.718750,-43.0,-43.0,-43.0
2022-09-19 10:47:38.750000,-45.0,-45.0,-45.0
2022-09-19 10:47:38.781250,-43.0,-43.0,-43.0
2022-09-19 10:47:38.812500,-43.0,-43.0,-43.0
2022-09-19 10:47:38.843750,-44.0,-44.0,-44.0
2022-09-19 10:47:38.875000,-43.0,-43.0,-43.0
2022-09-19 10:47:38.906250,-45.0,-45.0,-45.0
2022-09-19 10:47:38.937500,-43.0,-43.0,-43.0
2022-09-19 10:47:38.968750,-43.0,-43.0,-43.0
2022-09-19 10:47:39.000000,-44.0,-44.0,-44.0
2022-09-19 10:47:39.031250,-44.0,-44.0,-44.0
2022-09-19 10:47:39.062500,-43.0,-43.0,-43.0
2022-09-19 10:47:39.093750,-44.0,-44.0,-44.0
2022-09-19 10:47:39.125000,-44.0,-44.0,-44.0
2022-09-19 10:47:39.156250,-43.0,-43.0,-43.0
2022-09-19 10:47:39.187500,-43.0,-43.0,-43.0
2022-09-19 10:47:39.218750,-44.0,-44.0,-44.0
2022-09-19 10:47:39.250000,-43.0,-43.0,-43.0
2022-09-19 10:47:39.281250,-44.0,-44.0,-44.0
2022-09-19 10:47:39.312500,-43.0,-43.0,-43.0
2022-09-19 10:47:39.343750,-44.0,-44.0,-44.0
2022-09-19 10:47:39.375000,-44.0,-44.0,-44.0
2022-09-19 10:47:39.406250,-44.0,-44.0,-44.0
2022-09-19 10:47:39.437500,-44.0,-44.0,-44.0
2022-09-19 10:47:39.468750,-43.0,-43.0,-43.0
2022-09-19 10:47:39.500000,-44.0,-44.0,-44.0
2022-09-19 10:47:39.531250,-44.0,-44.0,-44.0
2022-09-19 10:47:39.562500,-44.0,-44.0,-44.0
2022-09-19 10:47:39.593750,-43.0,-43.0,-43.0
2022-09-19 10:47:39.625000,-44.0,-44.0,-44.0
2022-09-19 10:47:39.656250,-44.0,-44.0,-44.0
2022-09-19 10:47:39.687500,-44.0,-44.0,-44.0
2022-09-19 10:47:39.718750,-44.0,-44.0,-44.0
2022-09-19 10:47:39.750000,-43.0,-43.0,-43.0
2022-09-19 10:47:39.781250,-44.0,-44.0,-44.0
2022-09-19 10:47:39.812500,-43.0,-43.0,-43.0
2022-09-19 10:47:39.843750,-43.0,-43.0,-43.0
2022-09-19 10:47:39.875000,-44.0,-44.0,-44.0
2022-09-19 10:47:39.906250,-44.0,-44.0,-44.0
2022-09-19 10:47:39.937500,-44.0,-44.0,-44.0
2022-09-19 10:47:39.968750,-44.0,-44.0,-44.0
2022-09-19 10:47:40.000000,-43.0,-43.0,-43.0
2022-09-19 10:47:40.031250,-44.0,-44.0,-44.0
2022-09-19 10:47:40.062500,-44.0,-44.0,-44.0
2022-09-19 10:47:40.093750,-44.0,-44.0,-44.0
2022-09-19 10:47:40.125000,-43.0,-43.0,-43.0
2022-09-19 10:47:40.156250,-44.0,-44.0,-44.0
2022-09-19 10:47:40.187500,-44.0,-44.0,-44.0
2022-09-19 10:47:40.218750,-43.0,-43.0,-43.0
2022-09-19 10:47:40.250000,-43.0,-43.0,-43.0
2022-09-19 10:47:40.281250,-43.0,-43.0,-43.0
2022-09-19 10:47:40.312500,-44.0,-44.0,-44.0
2022-09-19 10:47:40.343750,-43.0,-43.0,-43.0
2022-09-19 10:47:40.375000,-43.0,-43.0,-43.0
2022-09-19 10:47:40.406250,-43.0,-43.0,-43.0
2022-09-19 10:47:40.437500,-44.0,-44.0,-44.0
2022-09-19 10:47:40.468750,-44.0,-44.0,-44.0
2022-09-19 10:47:40.500000,-44.0,-44.0,-44.0
2022-09-19 10:47:40.531250,-43.0,-43.0,-43.0
2022-09-19 10:47:40.562500,-44.0,-44.0,-44.0
2022-09-19 10:47:40.593750,-43.0,-43.0,-43.0
2022-09-19 10:47:40.625000,-43.0,-43.0,-43.0
2022-09-19 10:47:40.656250,-44.0,-44.0,-44.0
2022-09-19 10:47:40.687500,-43.0,-43.0,-43.0
2022-09-19 10:47:40.718750,-43.0,-43.0,-43.0
2022-09-19 10:47:40.750000,-44.0,-44.0,-44.0
2022-09-19 10:47:40.781250,-43.0,-43.0,-43.0
2022-09-19 10:47:40.812500,-44.0,-44.0,-44.0
2022-09-19 10:47:40.843750,-44.0,-44.0,-44.0
2022-09-19 10:47:40.875000,-44.0,-44.0,-44.0
2022-09-19 10:47:40.906250,-44.0,-44.0,-44.0
2022-09-19 10:47:40.937500,-44.0,-44.0,-44.0
2022-09-19 10:47:40.968750,-44.0,-44.0,-44.0
2022-09-19 10:47:41.000000,-43.0,-43.0,-43.0
2022-09-19 10:47:41.031250,-44.0,-44.0,-44.0
2022-09-19 10:47:41.062500,-43.0,-43.0,-43.0
2022-09-19 10:47:41.093750,-43.0,-43.0,-43.0
2022-09-19 10:47:41.125000,-44.0,-44.0,-44.0
2022-09-19 10:47:41.156250,-44.0,-44.0,-44.0
2022-09-19 10:47:41.187500,-43.0,-43.0,-43.0
2022-09-19 10:47:41.218750,-44.0,-44.0,-44.0
2022-09-19 10:47:41.250000,-43.0,-43.0,-43.0
2022-09-19 10:47:41.281250,-43.0,-43.0,-43.0
2022-09-19 10:47:41.312500,-44.0,-44.0,-44.0
2022-09-19 10:47:41.343750,-43.0,-43.0,-43.0
2022-09-19 10:47:41.375000,-44.0,-44.0,-44.0
2022-09-19 10:47:41.406250,-44.0,-44.0,-44.0
2022-09-19 10:47:41.437500,-44.0,-44.0,-44.0
2022-09-19 10:47:41.468750,-44.0,-44.0,-44.0
2022-09-19 10:47:41.500000,-43.0,-43.0,-43.0
2022-09-19 10:47:41.531250,-44.0,-44.0,-44.0
2022-09-19 10:47:41.562500,-44.0,-44.0,-44.0
2022-09-19 10:47:41.593750,-43.0,-43.0,-43.0
2022-09-19 10:47:41.625000,-44.0,-44.0,-44.0
2022-09-19 10:47:41.656250,-43.0,-43.0,-43.0
2022-09-19 10:47:41.687500,-44.0,-44.0,-44.0
2022-09-19 10:47:41.718750,-44.0,-44.0,-44.0
2022-09-19 10:47:41.750000,-44.0,-44.0,-44.0
2022-09-19 10:47:41.781250,-43.0,-43.0,-43.0
2022-09-19 10:47:41.812500,-44.0,-44.0,-44.0
2022-09-19 10:47:41.843750,-44.0,-44.0,-44.0
2022-09-19 10:47:41.875000,-43.0,-43.0,-43.0
2022-09-19 10:47:41.906250,-44.0,-44.0,-44.0
2022-09-19 10:47:41.937500,-44.0,-44.0,-44.0
2022-09-19 10:47:41.968750,-44.0,-44.0,-44.0
2022-09-19 10:47:42.000000,-43.0,-43.0,-43.0
2022-09-19 10:47:42.031250,-44.0,-44.0,-44.0
2022-09-19 10:47:42.062500,-44.0,-44.0,-44.0
2022-09-19 10:47:42.093750,-44.0,-44.0,-44.0
2022-09-19 10:47:42.125000,-43.0,-43.0,-43.0
2022-09-19 10:47:42.156250,-43.0,-43.0,-43.0
2022-09-19 10:47:42.187500,-44.0,-44.0,-44.0
2022-09-19 10:47:42.218750,-44.0,-44.0,-44.0
2022-09-19 10:47:42.250000,-44.0,-44.0,-44.0
2022-09-19 10:47:42.281250,-44.0,-44.0,-44.0
2022-09-19 10:47:42.312500,-44.0,-44.0,-44.0
2022-09-19 10:47:42.343750,-44.0,-44.0,-44.0
2022-09-19 10:47:42.375000,-44.0,-44.0,-44.0
2022-09-19 10:47:42.406250,-44.0,-44.0,-44.0
2022-09-19 10:47:42.437500,-44.0,-44.0,-44.0
2022-09-19 10:47:42.468750,-44.0,-44.0,-44.0
2022-09-19 10:47:42.500000,-44.0,-44.0,-44.0
2022-09-19 10:47:42.531250,-44.0,-44.0,-44.0
2022-09-19 10:47:42.562500,-44.0,-44.0,-44.0
2022-09-19 10:47:42.593750,-44.0,-44.0,-44.0
2022-09-19 10:47:42.625000,-44.0,-44.0,-44.0
2022-09-19 10:47:42.656250,-44.0,-44.0,-44.0
2022-09-19 10:47:42.687500,-43.0,-43.0,-43.0
2022-09-19 10:47:42.718750,-44.0,-44.0,-44.0
2022-09-19 10:47:42.750000,-44.0,-44.0,-44.0
2022-09-19 10:47:42.781250,-44.0,-44.0,-44.0
2022-09-19 10:47:42.812500,-44.0,-44.0,-44.0
2022-09-19 10:47:42.843750,-44.0,-44.0,-44.0
2022-09-19 10:47:42.875000,-44.0,-44.0,-44.0
2022-09-19 10:47:42.906250,-44.0,-44.0,-44.0
2022-09-19 10:47:42.937500,-44.0,-44.0,-44.0
2022-09-19 10:47:42.968750,-45.0,-45.0,-45.0
2022-09-19 10:47:43.000000,-44.0,-44.0,-44.0
2022-09-19 10:47:43.031250,-44.0,-44.0,-44.0
2022-09-19 10:47:43.062500,-44.0,-44.0,-44.0
2022-09-19 10:47:43.093750,-44.0,-44.0,-44.0
2022-09-19 10:47:43.125000,-44.0,-44.0,-44.0
2022-09-19 10:47:43.156250,-44.0,-44.0,-44.0
2022-09-19 10:47:43.187500,-44.0,-44.0,-44.0
2022-09-19 10:47:43.218750,-44.0,-44.0,-44.0
2022-09-19 10:47:43.250000,-44.0,-44.0,-44.0
2022-09-19 10:47:43.281250,-43.0,-43.0,-43.0
2022-09-19 10:47:43.312500,-44.0,-44.0,-44.0
2022-09-19 10:47:43.343750,-44.0,-44.0,-44.0
2022-09-19 10:47:43.375000,-44.0,-44.0,-44.0
2022-09-19 10:47:43.406250,-43.0,-43.0,-43.0
2022-09-19 10:47:43.437500,-44.0,-44.0,-44.0
2022-09-19 10:47:43.468750,-44.0,-44.0,-44.0
2022-09-19 10:47:43.500000,-43.0,-43.0,-43.0
2022-09-19 10:47:43.531250,-44.0,-44.0,-44.0
2022-09-19 10:47:43.562500,-44.0,-44.0,-44.0
2022-09-19 10:47:43.593750,-44.0,-44.0,-44.0
2022-09-19 10:47:43.625000,-43.0,-43.0,-43.0
2022-09-19 10:47:43.656250,-44.0,-44.0,-44.0
2022-09-19 10:47:43.687500,-44.0,-44.0,-44.0
2022-09-19 10:47:43.718750,-44.0,-44.0,-44.0
2022-09-19 10:47:43.750000,-44.0,-44.0,-44.0
2022-09-19 10:47:43.781250,-44.0,-44.0,-44.0
2022-09-19 10:47:43.812500,-44.0,-44.0,-44.0
2022-09-19 10:47:43.843750,-44.0,-44.0,-44.0
2022-09-19 10:47:43.875000,-44.0,-44.0,-44.0
2022-09-19 10:47:43.906250,-44.0,-44.0,-44.0
2022-09-19 10:47:43.937500,-44.0,-44.0,-44.0
2022-09-19 10:47:43.968750,-44.0,-44.0,-44.0
2022-09-19 10:47:44.000000,-44.0,-44.0,-44.0
2022-09-19 10:47:44.031250,-44.0,-44.0,-44.0
2022-09-19 10:47:44.062500,-44.0,-44.0,-44.0
2022-09-19 10:47:44.093750,-44.0,-44.0,-44.0
2022-09-19 10:47:44.125000,-44.0,-44.0,-44.0
2022-09-19 10:47:44.156250,-44.0,-44.0,-44.0
2022-09-19 10:47:44.187500,-44.0,-44.0,-44.0
2022-09-19 10:47:44.218750,-44.0,-44.0,-44.0
2022-09-19 10:47:44.250000,-43.0,-43.0,-43.0
2022-09-19 10:47:44.281250,-44.0,-44.0,-44.0
2022-09-19 10:47:44.312500,-44.0,-44.0,-44.0
2022-09-19 10:47:44.343750,-44.0,-44.0,-44.0
2022-09-19 10:47:44.375000,-44.0,-44.0,-44.0
2022-09-19 10:47:44.406250,-44.0,-44.0,-44.0
2022-09-19 10:47:44.437500,-44.0,-44.0,-44.0
2022-09-19 10:47:44.468750,-44.0,-44.0,-44.0
2022-09-19 10:47:44.500000,-44.0,-44.0,-44.0
2022-09-19 10:47:44.531250,-43.0,-43.0,-43.0
2022-09-19 10:47:44.562500,-43.0,-43.0,-43.0
2022-09-19 10:47:44.593750,-44.0,-44.0,-44.0
2022-09-19 10:47:44.625000,-43.0,-43.0,-43.0
2022-09-19 10:47:44.656250,-44.0,-44.0,-44.0
2022-09-19 10:47:44.687500,-44.0,-44.0,-44.0
2022-09-19 10:47:44.718750,-44.0,-44.0,-44.0
2022-09-19 10:47:44.750000,-44.0,-44.0,-44.0
2022-09-19 10:47:44.781250,-44.0,-44.0,-44.0
2022-09-19 10:47:44.812500,-44.0,-44.0,-44.0
2022-09-19 10:47:44.843750,-44.0,-44.0,-44.0
2022-09-19 10:47:44.875000,-44.0,-44.0,-44.0
2022-09-19 10:47:44.906250,-44.0,-44.0,-44.0
2022-09-19 10:47:44.937500,-44.0,-44.0,-44.0
2022-09-19 10:47:44.968750,-44.0,-44.0,-44.0
2022-09-19 10:47:45.000000,-44.0,-44.0,-44.0
2022-09-19 10:47:45.031250,-44.0,-44.0,-44.0
2022-09-19 10:47:45.062500,-44.0,-44.0,-44.0
2022-09-19 10:47:45.093750,-44.0,-44.0,-44.0
2022-09-19 10:47:45.125000,-44.0,-44.0,-44.0
2022-09-19 10:47:45.156250,-44.0,-44.0,-44.0
2022-09-19 10:47:45.187500,-44.0,-44.0,-44.0
2022-09-19 10:47:45.218750,-43.0,-43.0,-43.0
2022-09-19 10:47:45.250000,-44.0,-44.0,-44.0
2022-09-19 10:47:45.281250,-44.0,-44.0,-44.0
2022-09-19 10:47:45.312500,-44.0,-44.0,-44.0
2022-09-19 10:47:45.343750,-44.0,-44.0,-44.0
2022-09-19 10:47:45.375000,-44.0,-44.0,-44.0
2022-09-19 10:47:45.406250,-43.0,-43.0,-43.0
2022-09-19 10:47:45.437500,-44.0,-44.0,-44.0
2022-09-19 10:47:45.468750,-45.0,-45.0,-45.0
2022-09-19 10:47:45.500000,-43.0,-43.0,-43.0
2022-09-19 10:47:45.531250,-44.0,-44.0,-44.0
2022-09-19 10:47:45.562500,-44.0,-44.0,-44.0
2022-09-19 10:47:45.593750,-44.0,-44.0,-44.0
2022-09-19 10:47:45.625000,-44.0,-44.0,-44.0
2022-09-19 10:47:45.656250,-44.0,-44.0,-44.0
2022-09-19 10:47:45.687500,-44.0,-44.0,-44.0
2022-09-19 10:47:45.718750,-44.0,-44.0,-44.0
2022-09-19 10:47:45.750000,-44.0,-44.0,-44.0
2022-09-19 10:47:45.781250,-44.0,-44.0,-44.0
2022-09-19 10:47:45.812500,-44.0,-44.0,-44.0
2022-09-19 10:47:45.843750,-44.0,-44.0,-44.0
2022-09-19 10:47:45.875000,-45.0,-45.0,-45.0
2022-09-19 10:47:45.906250,-44.0,-44.0,-44.0
2022-09-19 10:47:45.937500,-44.0,-44.0,-44.0
2022-09-19 10:47:45.968750,-45.0,-45.0,-45.0
2022-09-19 10:47:46.000000,-44.0,-44.0,-44.0
2022-09-19 10:47:46.031250,-44.0,-44.0,-44.0
2022-09-19 10:47:46.062500,-45.0,-45.0,-45.0
2022-09-19 10:47:46.093750,-44.0,-44.0,-44.0
2022-09-19 10:47:46.125000,-44.0,-44.0,-44.0
2022-09-19 10:47:46.156250,-44.0,-44.0,-44.0
2022-09-19 10:47:46.187500,-44.0,-44.0,-44.0
2022-09-19 10:47:46.218750,-44.0,-44.0,-44.0
2022-09-19 10:47:46.250000,-44.0,-44.0,-44.0
2022-09-19 10:47:46.281250,-44.0,-44.0,-44.0
2022-09-19 10:47:46.312500,-44.0,-44.0,-44.0
2022-09-19 10:47:46.343750,-45.0,-45.0,-45.0
2022-09-19 10:47:46.375000,-44.0,-44.0,-44.0
2022-09-19 10:47:46.406250,-44.0,-44.0,-44.0
2022-09-19 10:47:46.437500,-44.0,-44.0,-44.0
2022-09-19 10:47:46.468750,-44.0,-44.0,-44.0
2022-09-19 10:47:46.500000,-44.0,-44.0,-44.0
2022-09-19 10:47:46.531250,-44.0,-44.0,-44.0
2022-09-19 10:47:46.562500,-44.0,-44.0,-44.0
2022-09-19 10:47:46.593750,-44.0,-44.0,-44.0
2022-09-19 10:47:46.625000,-44.0,-44.0,-44.0
2022-09-19 10:47:46.656250,-44.0,-44.0,-44.0
2022-09-19 10:47:46.687500,-44.0,-44.0,-44.0
2022-09-19 10:47:46.718750,-44.0,-44.0,-44.0
2022-09-19 10:47:46.750000,-44.0,-44.0,-44.0
2022-09-19 10:47:46.781250,-44.0,-44.0,-44.0
2022-09-19 10:47:46.812500,-44.0,-44.0,-44.0
2022-09-19 10:47:46.843750,-44.0,-44.0,-44.0
2022-09-19 10:47:46.875000,-44.0,-44.0,-44.0
2022-09-19 10:47:46.906250,-44.0,-44.0,-44.0
2022-09-19 10:47:46.937500,-44.0,-44.0,-44.0
2022-09-19 10:47:46.968750,-44.0,-44.0,-44.0
2022-09-19 10:47:47.000000,-44.0,-44.0,-44.0
2022-09-19 10:47:47.031250,-44.0,-44.0,-44.0
2022-09-19 10:47:47.062500,-44.0,-44.0,-44.0
2022-09-19 10:47:47.093750,-44.0,-44.0,-44.0
2022-09-19 10:47:47.125000,-44.0,-44.0,-44.0
2022-09-19 10:47:47.156250,-44.0,-44.0,-44.0
2022-09-19 10:47:47.187500,-44.0,-44.0,-44.0
2022-09-19 10:47:47.218750,-44.0,-44.0,-44.0
2022-09-19 10:47:47.250000,-45.0,-45.0,-45.0
2022-09-19 10:47:47.281250,-43.0,-43.0,-43.0
2022-09-19 10:47:47.312500,-44.0,-44.0,-44.0
2022-09-19 10:47:47.343750,-44.0,-44.0,-44.0
2022-09-19 10:47:47.375000,-44.0,-44.0,-44.0
2022-09-19 10:47:47.406250,-44.0,-44.0,-44.0
2022-09-19 10:47:47.437500,-45.0,-45.0,-45.0
2022-09-19 10:47:47.468750,-45.0,-45.0,-45.0
2022-09-19 10:47:47.500000,-45.0,-45.0,-45.0
2022-09-19 10:47:47.531250,-45.0,-45.0,-45.0
2022-09-19 10:47:47.562500,-44.0,-44.0,-44.0
2022-09-19 10:47:47.593750,-44.0,-44.0,-44.0
2022-09-19 10:47:47.625000,-44.0,-44.0,-44.0
2022-09-19 10:47:47.656250,-44.0,-44.0,-44.0
2022-09-19 10:47:47.687500,-44.0,-44.0,-44.0
2022-09-19 10:47:47.718750,-43.0,-43.0,-43.0
2022-09-19 10:47:47.750000,-43.0,-43.0,-43.0
2022-09-19 10:47:47.781250,-44.0,-44.0,-44.0
2022-09-19 10:47:47.812500,-43.0,-43.0,-43.0
2022-09-19 10:47:47.843750,-45.0,-45.0,-45.0
2022-09-19 10:47:47.875000,-44.0,-44.0,-44.0
2022-09-19 10:47:47.906250,-43.0,-43.0,-43.0
2022-09-19 10:47:47.937500,-44.0,-44.0,-44.0
2022-09-19 10:47:47.968750,-43.0,-43.0,-43.0
2022-09-19 10:47:48.000000,-44.0,-44.0,-44.0
2022-09-19 10:47:48.031250,-45.0,-45.0,-45.0
2022-09-19 10:47:48.062500,-43.0,-43.0,-43.0
2022-09-19 10:47:48.093750,-43.0,-43.0,-43.0
2022-09-19 10:47:48.125000,-44.0,-44.0,-44.0
2022-09-19 10:47:48.156250,-43.0,-43.0,-43.0
2022-09-19 10:47:48.187500,-43.0,-43.0,-43.0
2022-09-19 10:47:48.218750,-43.0,-43.0,-43.0
2022-09-19 10:47:48.250000,-43.0,-43.0,-43.0
2022-09-19 10:47:48.281250,-42.0,-42.0,-42.0
2022-09-19 10:47:48.312500,-40.0,-40.0,-40.0
2022-09-19 10:47:48.343750,-45.0,-45.0,-45.0
2022-09-19 10:47:48.375000,-47.0,-47.0,-47.0
2022-09-19 10:47:48.406250,-44.0,-44.0,-44.0
2022-09-19 10:47:48.437500,-44.0,-44.0,-44.0
2022-09-19 10:47:48.468750,-44.0,-44.0,-44.0
2022-09-19 10:47:48.500000,-43.0,-43.0,-43.0
2022-09-19 10:47:48.531250,-42.0,-42.0,-42.0
2022-09-19 10:47:48.562500,-43.0,-43.0,-43.0
2022-09-19 10:47:48.593750,-42.0,-42.0,-42.0
2022-09-19 10:47:48.625000,-43.0,-43.0,-43.0
2022-09-19 10:47:48.656250,-43.0,-43.0,-43.0
2022-09-19 10:47:48.687500,-45.0,-45.0,-45.0
2022-09-19 10:47:48.718750,-45.0,-45.0,-45.0
2022-09-19 10:47:48.750000,-44.0,-44.0,-44.0
2022-09-19 10:47:48.781250,-44.0,-44.0,-44.0
2022-09-19 10:47:48.812500,-43.0,-43.0,-43.0
2022-09-19 10:47:48.843750,-43.0,-43.0,-43.0
2022-09-19 10:47:48.875000,-42.0,-42.0,-42.0
2022-09-19 10:47:48.906250,-43.0,-43.0,-43.0
2022-09-19 10:47:48.937500,-41.0,-41.0,-41.0
2022-09-19 10:47:48.968750,-42.0,-42.0,-42.0
2022-09-19 10:47:49.000000,-42.0,-42.0,-42.0
2022-09-19 10:47:49.031250,-42.0,-42.0,-42.0
2022-09-19 10:47:49.062500,-42.0,-42.0,-42.0
2022-09-19 10:47:49.093750,-43.0,-43.0,-43.0
2022-09-19 10:47:49.125000,-41.0,-41.0,-41.0
2022-09-19 10:47:49.156250,-42.0,-42.0,-42.0
2022-09-19 10:47:49.187500,-43.0,-43.0,-43.0
2022-09-19 10:47:49.218750,-45.0,-45.0,-45.0
2022-09-19 10:47:49.250000,-43.0,-43.0,-43.0
2022-09-19 10:47:49.281250,-44.0,-44.0,-44.0
2022-09-19 10:47:49.312500,-43.0,-43.0,-43.0
2022-09-19 10:47:49.343750,-45.0,-45.0,-45.0
2022-09-19 10:47:49.375000,-44.0,-44.0,-44.0
2022-09-19 10:47:49.406250,-44.0,-44.0,-44.0
2022-09-19 10:47:49.437500,-45.0,-45.0,-45.0
2022-09-19 10:47:49.468750,-45.0,-45.0,-45.0
2022-09-19 10:47:49.500000,-43.0,-43.0,-43.0
2022-09-19 10:47:49.531250,-43.0,-43.0,-43.0
2022-09-19 10:47:49.562500,-45.0,-45.0,-45.0
2022-09-19 10:47:49.593750,-44.0,-44.0,-44.0
2022-09-19 10:47:49.625000,-44.0,-44.0,-44.0
2022-09-19 10:47:49.656250,-43.0,-43.0,-43.0
2022-09-19 10:47:49.687500,-44.0,-44.0,-44.0
2022-09-19 10:47:49.718750,-44.0,-44.0,-44.0
2022-09-19 10:47:49.750000,-43.0,-43.0,-43.0
2022-09-19 10:47:49.781250,-43.0,-43.0,-43.0
2022-09-19 10:47:49.812500,-43.0,-43.0,-43.0
2022-09-19 10:47:49.843750,-42.0,-42.0,-42.0
2022-09-19 10:47:49.875000,-43.0,-43.0,-43.0
2022-09-19 10:47:49.906250,-43.0,-43.0,-43.0
2022-09-19 10:47:49.937500,-42.0,-42.0,-42.0
2022-09-19 10:47:49.968750,-44.0,-44.0,-44.0
2022-09-19 10:47:50.000000,-43.0,-43.0,-43.0
2022-09-19 10:47:50.031250,-43.0,-43.0,-43.0
2022-09-19 10:47:50.062500,-43.0,-43.0,-43.0
2022-09-19 10:47:50.093750,-43.0,-43.0,-43.0
2022-09-19 10:47:50.125000,-43.0,-43.0,-43.0
2022-09-19 10:47:50.156250,-44.0,-44.0,-44.0
2022-09-19 10:47:50.187500,-43.0,-43.0,-43.0
2022-09-19 10:47:50.218750,-43.0,-43.0,-43.0
2022-09-19 10:47:50.250000,-44.0,-44.0,-44.0
2022-09-19 10:47:50.281250,-43.0,-43.0,-43.0
2022-09-19 10:47:50.312500,-43.0,-43.0,-43.0
2022-09-19 10:47:50.343750,-43.0,-43.0,-43.0
2022-09-19 10:47:50.375000,-43.0,-43.0,-43.0
2022-09-19 10:47:50.406250,-43.0,-43.0,-43.0
2022-09-19 10:47:50.437500,-43.0,-43.0,-43.0
2022-09-19 10:47:50.468750,-43.0,-43.0,-43.0
2022-09-19 10:47:50.500000,-43.0,-43.0,-43.0
2022-09-19 10:47:50.531250,-43.0,-43.0,-43.0
2022-09-19 10:47:50.562500,-43.0,-43.0,-43.0
2022-09-19 10:47:50.593750,-43.0,-43.0,-43.0
2022-09-19 10:47:50.625000,-43.0,-43.0,-43.0
2022-09-19 10:47:50.656250,-43.0,-43.0,-43.0
2022-09-19 10:47:50.687500,-42.0,-42.0,-42.0
2022-09-19 10:47:50.718750,-43.0,-43.0,-43.0
2022-09-19 10:47:50.750000,-43.0,-43.0,-43.0
2022-09-19 10:47:50.781250,-43.0,-43.0,-43.0
2022-09-19 10:47:50.812500,-44.0,-44.0,-44.0
2022-09-19 10:47:50.843750,-43.0,-43.0,-43.0
2022-09-19 10:47:50.875000,-43.0,-43.0,-43.0
2022-09-19 10:47:50.906250,-43.0,-43.0,-43.0
2022-09-19 10:47:50.937500,-43.0,-43.0,-43.0
2022-09-19 10:47:50.968750,-42.0,-42.0,-42.0
2022-09-19 10:47:51.000000,-37.0,-37.0,-37.0
2022-09-19 10:47:51.031250,-37.0,-37.0,-37.0
2022-09-19 10:47:51.062500,-48.0,-48.0,-48.0
2022-09-19 10:47:51.093750,-47.0,-47.0,-47.0
2022-09-19 10:47:51.125000,-46.0,-46.0,-46.0
2022-09-19 10:47:51.156250,-22.0,-22.0,-22.0
2022-09-19 10:47:51.187500,-29.0,-29.0,-29.0
2022-09-19 10:47:51.218750,-31.0,-31.0,-31.0
2022-09-19 10:47:51.250000,-30.0,-30.0,-30.0
2022-09-19 10:47:51.281250,-30.0,-30.0,-30.0
2022-09-19 10:47:51.312500,-33.0,-33.0,-33.0
2022-09-19 10:47:51.343750,-41.0,-41.0,-41.0
2022-09-19 10:47:51.375000,-40.0,-40.0,-40.0
2022-09-19 10:47:51.406250,-42.0,-42.0,-42.0
2022-09-19 10:47:51.437500,-47.0,-47.0,-47.0
2022-09-19 10:47:51.468750,-47.0,-47.0,-47.0
2022-09-19 10:47:51.500000,-50.0,-50.0,-50.0
2022-09-19 10:47:51.531250,-34.0,-34.0,-34.0
2022-09-19 10:47:51.562500,-25.0,-25.0,-25.0
2022-09-19 10:47:51.593750,-14.0,-14.0,-14.0
2022-09-19 10:47:51.625000,-11.0,-11.0,-11.0
2022-09-19 10:47:51.656250,-14.0,-14.0,-14.0
2022-09-19 10:47:51.687500,-18.0,-18.0,-18.0
2022-09-19 10:47:51.718750,-29.0,-29.0,-29.0
2022-09-19 10:47:51.750000,-39.0,-39.0,-39.0
2022-09-19 10:47:51.781250,-45.0,-45.0,-45.0
2022-09-19 10:47:51.812500,-54.0,-54.0,-54.0
2022-09-19 10:47:51.843750,-57.0,-57.0,-57.0
2022-09-19 10:47:51.875000,-56.0,-56.0,-56.0
2022-09-19 10:47:51.906250,-52.0,-52.0,-52.0
2022-09-19 10:47:51.937500,-46.0,-46.0,-46.0
2022-09-19 10:47:51.968750,-39.0,-39.0,-39.0
2022-09-19 10:47:52.000000,-37.0,-37.0,-37.0
2022-09-19 10:47:52.031250,-37.0,-37.0,-37.0
2022-09-19 10:47:52.062500,-36.0,-36.0,-36.0
2022-09-19 10:47:52.093750,-36.0,-36.0,-36.0
2022-09-19 10:47:52.125000,-37.0,-37.0,-37.0
2022-09-19 10:47:52.156250,-38.0,-38.0,-38.0
2022-09-19 10:47:52.187500,-40.0,-40.0,-40.0
2022-09-19 10:47:52.218750,-44.0,-44.0,-44.0
2022-09-19 10:47:52.250000,-42.0,-42.0,-42.0
2022-09-19 10:47:52.281250,-42.0,-42.0,-42.0
2022-09-19 10:47:52.312500,-44.0,-44.0,-44.0
2022-09-19 10:47:52.343750,-42.0,-42.0,-42.0
2022-09-19 10:47:52.375000,-41.0,-41.0,-41.0
2022-09-19 10:47:52.406250,-36.0,-36.0,-36.0
2022-09-19 10:47:52.437500,-28.0,-28.0,-28.0
2022-09-19 10:47:52.468750,-30.0,-30.0,-30.0
2022-09-19 10:47:52.500000,-23.0,-23.0,-23.0
2022-09-19 10:47:52.531250,-23.0,-23.0,-23.0
2022-09-19 10:47:52.562500,-27.0,-27.0,-27.0
2022-09-19 10:47:52.593750,-25.0,-25.0,-25.0
2022-09-19 10:47:52.625000,-21.0,-21.0,-21.0
2022-09-19 10:47:52.656250,-21.0,-21.0,-21.0
2022-09-19 10:47:52.687500,-23.0,-23.0,-23.0
2022-09-19 10:47:52.718750,-22.0,-22.0,-22.0
2022-09-19 10:47:52.750000,-21.0,-21.0,-21.0
2022-09-19 10:47:52.781250,-21.0,-21.0,-21.0
2022-09-19 10:47:52.812500,-23.0,-23.0,-23.0
2022-09-19 10:47:52.843750,-20.0,-20.0,-20.0
2022-09-19 10:47:52.875000,-19.0,-19.0,-19.0
2022-09-19 10:47:52.906250,-22.0,-22.0,-22.0
2022-09-19 10:47:52.937500,-19.0,-19.0,-19.0
2022-09-19 10:47:52.968750,-17.0,-17.0,-17.0
2022-09-19 10:47:53.000000,-26.0,-26.0,-26.0
2022-09-19 10:47:53.031250,-25.0,-25.0,-25.0
2022-09-19 10:47:53.062500,-19.0,-19.0,-19.0
2022-09-19 10:47:53.093750,-30.0,-30.0,-30.0
2022-09-19 10:47:53.125000,-29.0,-29.0,-29.0
2022-09-19 10:47:53.156250,-28.0,-28.0,-28.0
2022-09-19 10:47:53.187500,-30.0,-30.0,-30.0
2022-09-19 10:47:53.218750,-34.0,-34.0,-34.0
2022-09-19 10:47:53.250000,-31.0,-31.0,-31.0
2022-09-19 10:47:53.281250,-30.0,-30.0,-30.0
2022-09-19 10:47:53.312500,-35.0,-35.0,-35.0
2022-09-19 10:47:53.343750,-31.0,-31.0,-31.0
2022-09-19 10:47:53.375000,-47.0,-47.0,-47.0
2022-09-19 10:47:53.406250,-43.0,-43.0,-43.0
2022-09-19 10:47:53.437500,-41.0,-41.0,-41.0
2022-09-19 10:47:53.468750,-44.0,-44.0,-44.0
2022-09-19 10:47:53.500000,-42.0,-42.0,-42.0
2022-09-19 10:47:53.531250,-39.0,-39.0,-39.0
2022-09-19 10:47:53.562500,-38.0,-38.0,-38.0
2022-09-19 10:47:53.593750,-35.0,-35.0,-35.0
2022-09-19 10:47:53.625000,-35.0,-35.0,-35.0
2022-09-19 10:47:53.656250,-37.0,-37.0,-37.0
2022-09-19 10:47:53.687500,-34.0,-34.0,-34.0
2022-09-19 10:47:53.718750,-31.0,-31.0,-31.0
2022-09-19 10:47:53.750000,-31.0,-31.0,-31.0
2022-09-19 10:47:53.781250,-32.0,-32.0,-32.0
2022-09-19 10:47:53.812500,-19.0,-19.0,-19.0
2022-09-19 10:47:53.843750,-20.0,-20.0,-20.0
2022-09-19 10:47:53.875000,-17.0,-17.0,-17.0
2022-09-19 10:47:53.906250,-17.0,-17.0,-17.0
2022-09-19 10:47:53.937500,-22.0,-22.0,-22.0
2022-09-19 10:47:53.968750,-27.0,-27.0,-27.0
2022-09-19 10:47:54.000000,-30.0,-30.0,-30.0
2022-09-19 10:47:54.031250,-36.0,-36.0,-36.0
2022-09-19 10:47:54.062500,-27.0,-27.0,-27.0
2022-09-19 10:47:54.093750,-24.0,-24.0,-24.0
2022-09-19 10:47:54.125000,-25.0,-25.0,-25.0
2022-09-19 10:47:54.156250,-24.0,-24.0,-24.0
2022-09-19 10:47:54.187500,-27.0,-27.0,-27.0
2022-09-19 10:47:54.218750,-27.0,-27.0,-27.0
2022-09-19 10:47:54.250000,-28.0,-28.0,-28.0
2022-09-19 10:47:54.281250,-26.0,-26.0,-26.0
2022-09-19 10:47:54.312500,-25.0,-25.0,-25.0
2022-09-19 10:47:54.343750,-25.0,-25.0,-25.0
2022-09-19 10:47:54.375000,-26.0,-26.0,-26.0
2022-09-19 10:47:54.406250,-25.0,-25.0,-25.0
2022-09-19 10:47:54.437500,-23.0,-23.0,-23.0
2022-09-19 10:47:54.468750,-25.0,-25.0,-25.0
2022-09-19 10:47:54.500000,-29.0,-29.0,-29.0
2022-09-19 10:47:54.531250,-25.0,-25.0,-25.0
2022-09-19 10:47:54.562500,-26.0,-26.0,-26.0
2022-09-19 10:47:54.593750,-27.0,-27.0,-27.0
2022-09-19 10:47:54.625000,-28.0,-28.0,-28.0
2022-09-19 10:47:54.656250,-31.0,-31.0,-31.0
2022-09-19 10:47:54.687500,-35.0,-35.0,-35.0
2022-09-19 10:47:54.718750,-34.0,-34.0,-34.0
2022-09-19 10:47:54.750000,-32.0,-32.0,-32.0
2022-09-19 10:47:54.781250,-31.0,-31.0,-31.0
2022-09-19 10:47:54.812500,-27.0,-27.0,-27.0
2022-09-19 10:47:54.843750,-26.0,-26.0,-26.0
2022-09-19 10:47:54.875000,-29.0,-29.0,-29.0
2022-09-19 10:47:54.906250,-24.0,-24.0,-24.0
2022-09-19 10:47:54.937500,-24.0,-24.0,-24.0
2022-09-19 10:47:54.968750,-26.0,-26.0,-26.0
2022-09-19 10:47:55.000000,-24.0,-24.0,-24.0
2022-09-19 10:47:55.031250,-30.0,-30.0,-30.0
2022-09-19 10:47:55.062500,-33.0,-33.0,-33.0
2022-09-19 10:47:55.093750,-34.0,-34.0,-34.0
2022-09-19 10:47:55.125000,-32.0,-32.0,-32.0
2022-09-19 10:47:55.156250,-33.0,-33.0,-33.0
2022-09-19 10:47:55.187500,-39.0,-39.0,-39.0
2022-09-19 10:47:55.218750,-31.0,-31.0,-31.0
2022-09-19 10:47:55.250000,-37.0,-37.0,-37.0
2022-09-19 10:47:55.281250,-37.0,-37.0,-37.0
2022-09-19 10:47:55.312500,-28.0,-28.0,-28.0
2022-09-19 10:47:55.343750,-28.0,-28.0,-28.0
2022-09-19 10:47:55.375000,-28.0,-28.0,-28.0
2022-09-19 10:47:55.406250,-24.0,-24.0,-24.0
2022-09-19 10:47:55.437500,-18.0,-18.0,-18.0
2022-09-19 10:47:55.468750,-20.0,-20.0,-20.0
2022-09-19 10:47:55.500000,-15.0,-15.0,-15.0
2022-09-19 10:47:55.531250,-18.0,-18.0,-18.0
2022-09-19 10:47:55.562500,-18.0,-18.0,-18.0
2022-09-19 10:47:55.593750,-18.0,-18.0,-18.0
2022-09-19 10:47:55.625000,-16.0,-16.0,-16.0
2022-09-19 10:47:55.656250,-18.0,-18.0,-18.0
2022-09-19 10:47:55.687500,-17.0,-17.0,-17.0
2022-09-19 10:47:55.718750,-19.0,-19.0,-19.0
2022-09-19 10:47:55.750000,-19.0,-19.0,-19.0
2022-09-19 10:47:55.781250,-20.0,-20.0,-20.0
2022-09-19 10:47:55.812500,-17.0,-17.0,-17.0
2022-09-19 10:47:55.843750,-20.0,-20.0,-20.0
2022-09-19 10:47:55.875000,-23.0,-23.0,-23.0
2022-09-19 10:47:55.906250,-21.0,-21.0,-21.0
2022-09-19 10:47:55.937500,-22.0,-22.0,-22.0
2022-09-19 10:47:55.968750,-21.0,-21.0,-21.0
2022-09-19 10:47:56.000000,-31.0,-31.0,-31.0
2022-09-19 10:47:56.031250,-30.0,-30.0,-30.0
2022-09-19 10:47:56.062500,-25.0,-25.0,-25.0
2022-09-19 10:47:56.093750,-28.0,-28.0,-28.0
2022-09-19 10:47:56.125000,-29.0,-29.0,-29.0
2022-09-19 10:47:56.156250,-29.0,-29.0,-29.0
2022-09-19 10:47:56.187500,-30.0,-30.0,-30.0
2022-09-19 10:47:56.218750,-30.0,-30.0,-30.0
2022-09-19 10:47:56.250000,-31.0,-31.0,-31.0
2022-09-19 10:47:56.281250,-33.0,-33.0,-33.0
2022-09-19 10:47:56.312500,-33.0,-33.0,-33.0
2022-09-19 10:47:56.343750,-35.0,-35.0,-35.0
2022-09-19 10:47:56.375000,-32.0,-32.0,-32.0
2022-09-19 10:47:56.406250,-29.0,-29.0,-29.0
2022-09-19 10:47:56.437500,-32.0,-32.0,-32.0
2022-09-19 10:47:56.468750,-36.0,-36.0,-36.0
2022-09-19 10:47:56.500000,-44.0,-44.0,-44.0
2022-09-19 10:47:56.531250,-48.0,-48.0,-48.0
2022-09-19 10:47:56.562500,-41.0,-41.0,-41.0
2022-09-19 10:47:56.593750,-44.0,-44.0,-44.0
2022-09-19 10:47:56.625000,-41.0,-41.0,-41.0
2022-09-19 10:47:56.656250,-36.0,-36.0,-36.0
2022-09-19 10:47:56.687500,-44.0,-44.0,-44.0
2022-09-19 10:47:56.718750,-41.0,-41.0,-41.0
2022-09-19 10:47:56.750000,-35.0,-35.0,-35.0
2022-09-19 10:47:56.781250,-36.0,-36.0,-36.0
2022-09-19 10:47:56.812500,-31.0,-31.0,-31.0
2022-09-19 10:47:56.843750,-28.0,-28.0,-28.0
2022-09-19 10:47:56.875000,-45.0,-45.0,-45.0
2022-09-19 10:47:56.906250,-35.0,-35.0,-35.0
2022-09-19 10:47:56.937500,-25.0,-25.0,-25.0
2022-09-19 10:47:56.968750,-20.0,-20.0,-20.0
2022-09-19 10:47:57.000000,-19.0,-19.0,-19.0
2022-09-19 10:47:57.031250,-20.0,-20.0,-20.0
2022-09-19 10:47:57.062500,-23.0,-23.0,-23.0
2022-09-19 10:47:57.093750,-29.0,-29.0,-29.0
2022-09-19 10:47:57.125000,-33.0,-33.0,-33.0
2022-09-19 10:47:57.156250,-29.0,-29.0,-29.0
2022-09-19 10:47:57.187500,-40.0,-40.0,-40.0
2022-09-19 10:47:57.218750,-39.0,-39.0,-39.0
2022-09-19 10:47:57.250000,-38.0,-38.0,-38.0
2022-09-19 10:47:57.281250,-32.0,-32.0,-32.0
2022-09-19 10:47:57.312500,-25.0,-25.0,-25.0
2022-09-19 10:47:57.343750,-21.0,-21.0,-21.0
2022-09-19 10:47:57.375000,-6.0,-6.0,-6.0
2022-09-19 10:47:57.406250,-7.0,-7.0,-7.0
2022-09-19 10:47:57.437500,-15.0,-15.0,-15.0
2022-09-19 10:47:57.468750,-32.0,-32.0,-32.0
2022-09-19 10:47:57.500000,-44.0,-44.0,-44.0
2022-09-19 10:47:57.531250,-41.0,-41.0,-41.0
2022-09-19 10:47:57.562500,-34.0,-34.0,-34.0
2022-09-19 10:47:57.593750,-34.0,-34.0,-34.0
2022-09-19 10:47:57.625000,-40.0,-40.0,-40.0
2022-09-19 10:47:57.656250,-45.0,-45.0,-45.0
2022-09-19 10:47:57.687500,-49.0,-49.0,-49.0
2022-09-19 10:47:57.718750,-44.0,-44.0,-44.0
2022-09-19 10:47:57.750000,-42.0,-42.0,-42.0
2022-09-19 10:47:57.781250,-39.0,-39.0,-39.0
2022-09-19 10:47:57.812500,-42.0,-42.0,-42.0
2022-09-19 10:47:57.843750,-41.0,-41.0,-41.0
2022-09-19 10:47:57.875000,-47.0,-47.0,-47.0
2022-09-19 10:47:57.906250,-50.0,-50.0,-50.0
2022-09-19 10:47:57.937500,-46.0,-46.0,-46.0
2022-09-19 10:47:57.968750,-49.0,-49.0,-49.0
2022-09-19 10:47:58.000000,-44.0,-44.0,-44.0
2022-09-19 10:47:58.031250,-36.0,-36.0,-36.0
2022-09-19 10:47:58.062500,-34.0,-34.0,-34.0
2022-09-19 10:47:58.093750,-28.0,-28.0,-28.0
2022-09-19 10:47:58.125000,-20.0,-20.0,-20.0
2022-09-19 10:47:58.156250,-22.0,-22.0,-22.0
2022-09-19 10:47:58.187500,-30.0,-30.0,-30.0
2022-09-19 10:47:58.218750,-27.0,-27.0,-27.0
2022-09-19 10:47:58.250000,-26.0,-26.0,-26.0
2022-09-19 10:47:58.281250,-37.0,-37.0,-37.0
2022-09-19 10:47:58.312500,-36.0,-36.0,-36.0
2022-09-19 10:47:58.343750,-40.0,-40.0,-40.0
2022-09-19 10:47:58.375000,-43.0,-43.0,-43.0
2022-09-19 10:47:58.406250,-45.0,-45.0,-45.0
2022-09-19 10:47:58.437500,-45.0,-45.0,-45.0
2022-09-19 10:47:58.468750,-42.0,-42.0,-42.0
2022-09-19 10:47:58.500000,-44.0,-44.0,-44.0
2022-09-19 10:47:58.531250,-49.0,-49.0,-49.0
2022-09-19 10:47:58.562500,-47.0,-47.0,-47.0
2022-09-19 10:47:58.593750,-55.0,-55.0,-55.0
2022-09-19 10:47:58.625000,-57.0,-57.0,-57.0
2022-09-19 10:47:58.656250,-54.0,-54.0,-54.0
2022-09-19 10:47:58.687500,-55.0,-55.0,-55.0
2022-09-19 10:47:58.718750,-56.0,-56.0,-56.0
2022-09-19 10:47:58.750000,-53.0,-53.0,-53.0
2022-09-19 10:47:58.781250,-54.0,-54.0,-54.0
2022-09-19 10:47:58.812500,-54.0,-54.0,-54.0
2022-09-19 10:47:58.843750,-54.0,-54.0,-54.0
2022-09-19 10:47:58.875000,-54.0,-54.0,-54.0
2022-09-19 10:47:58.906250,-57.0,-57.0,-57.0
2022-09-19 10:47:58.937500,-39.0,-39.0,-39.0
2022-09-19 10:47:58.968750,-28.0,-28.0,-28.0
2022-09-19 10:47:59.000000,-35.0,-35.0,-35.0
2022-09-19 10:47:59.031250,-36.0,-36.0,-36.0
2022-09-19 10:47:59.062500,-33.0,-33.0,-33.0
2022-09-19 10:47:59.093750,-24.0,-24.0,-24.0
2022-09-19 10:47:59.125000,-39.0,-39.0,-39.0
2022-09-19 10:47:59.156250,-46.0,-46.0,-46.0
2022-09-19 10:47:59.187500,-55.0,-55.0,-55.0
2022-09-19 10:47:59.218750,-64.0,-64.0,-64.0
2022-09-19 10:47:59.250000,-72.0,-72.0,-72.0
2022-09-19 10:47:59.281250,-77.0,-77.0,-77.0
2022-09-19 10:47:59.312500,-72.0,-72.0,-72.0
2022-09-19 10:47:59.343750,-67.0,-67.0,-67.0
2022-09-19 10:47:59.375000,-63.0,-63.0,-63.0
2022-09-19 10:47:59.406250,-58.0,-58.0,-58.0
2022-09-19 10:47:59.437500,-59.0,-59.0,-59.0
2022-09-19 10:47:59.468750,-59.0,-59.0,-59.0
2022-09-19 10:47:59.500000,-57.0,-57.0,-57.0
2022-09-19 10:47:59.531250,-54.0,-54.0,-54.0
2022-09-19 10:47:59.562500,-58.0,-58.0,-58.0
2022-09-19 10:47:59.593750,-52.0,-52.0,-52.0
2022-09-19 10:47:59.625000,-50.0,-50.0,-50.0
2022-09-19 10:47:59.656250,-48.0,-48.0,-48.0
2022-09-19 10:47:59.687500,-52.0,-52.0,-52.0
2022-09-19 10:47:59.718750,-50.0,-50.0,-50.0
2022-09-19 10:47:59.750000,-48.0,-48.0,-48.0
2022-09-19 10:47:59.781250,-51.0,-51.0,-51.0
2022-09-19 10:47:59.812500,-51.0,-51.0,-51.0
2022-09-19 10:47:59.843750,-48.0,-48.0,-48.0
2022-09-19 10:47:59.875000,-49.0,-49.0,-49.0
2022-09-19 10:47:59.906250,-55.0,-55.0,-55.0
2022-09-19 10:47:59.937500,-60.0,-60.0,-60.0
2022-09-19 10:47:59.968750,-61.0,-61.0,-61.0
2022-09-19 10:48:00.000000,-61.0,-61.0,-61.0
2022-09-19 10:48:00.031250,-61.0,-61.0,-61.0
2022-09-19 10:48:00.062500,-59.0,-59.0,-59.0
2022-09-19 10:48:00.093750,-57.0,-57.0,-57.0
2022-09-19 10:48:00.125000,-57.0,-57.0,-57.0
2022-09-19 10:48:00.156250,-57.0,-57.0,-57.0
2022-09-19 10:48:00.187500,-56.0,-56.0,-56.0
2022-09-19 10:48:00.218750,-57.0,-57.0,-57.0
2022-09-19 10:48:00.250000,-58.0,-58.0,-58.0
2022-09-19 10:48:00.281250,-57.0,-57.0,-57.0
2022-09-19 10:48:00.312500,-57.0,-57.0,-57.0
2022-09-19 10:48:00.343750,-57.0,-57.0,-57.0
2022-09-19 10:48:00.375000,-59.0,-59.0,-59.0
2022-09-19 10:48:00.406250,-58.0,-58.0,-58.0
2022-09-19 10:48:00.437500,-57.0,-57.0,-57.0
2022-09-19 10:48:00.468750,-58.0,-58.0,-58.0
2022-09-19 10:48:00.500000,-58.0,-58.0,-58.0
2022-09-19 10:48:00.531250,-57.0,-57.0,-57.0
2022-09-19 10:48:00.562500,-57.0,-57.0,-57.0
2022-09-19 10:48:00.593750,-58.0,-58.0,-58.0
2022-09-19 10:48:00.625000,-58.0,-58.0,-58.0
2022-09-19 10:48:00.656250,-58.0,-58.0,-58.0
2022-09-19 10:48:00.687500,-58.0,-58.0,-58.0
2022-09-19 10:48:00.718750,-59.0,-59.0,-59.0
2022-09-19 10:48:00.750000,-58.0,-58.0,-58.0
2022-09-19 10:48:00.781250,-58.0,-58.0,-58.0
2022-09-19 10:48:00.812500,-58.0,-58.0,-58.0
2022-09-19 10:48:00.843750,-57.0,-57.0,-57.0
2022-09-19 10:48:00.875000,-58.0,-58.0,-58.0
2022-09-19 10:48:00.906250,-58.0,-58.0,-58.0
2022-09-19 10:48:00.937500,-58.0,-58.0,-58.0
2022-09-19 10:48:00.968750,-58.0,-58.0,-58.0
2022-09-19 10:48:01.000000,-58.0,-58.0,-58.0
2022-09-19 10:48:01.031250,-58.0,-58.0,-58.0
2022-09-19 10:48:01.062500,-58.0,-58.0,-58.0
2022-09-19 10:48:01.093750,-58.0,-58.0,-58.0
2022-09-19 10:48:01.125000,-58.0,-58.0,-58.0
2022-09-19 10:48:01.156250,-58.0,-58.0,-58.0
2022-09-19 10:48:01.187500,-58.0,-58.0,-58.0
2022-09-19 10:48:01.218750,-58.0,-58.0,-58.0
2022-09-19 10:48:01.250000,-58.0,-58.0,-58.0
2022-09-19 10:48:01.281250,-58.0,-58.0,-58.0
2022-09-19 10:48:01.312500,-58.0,-58.0,-58.0
2022-09-19 10:48:01.343750,-58.0,-58.0,-58.0
2022-09-19 10:48:01.375000,-58.0,-58.0,-58.0
2022-09-19 10:48:01.406250,-58.0,-58.0,-58.0
2022-09-19 10:48:01.437500,-58.0,-58.0,-58.0
2022-09-19 10:48:01.468750,-58.0,-58.0,-58.0
2022-09-19 10:48:01.500000,-58.0,-58.0,-58.0
2022-09-19 10:48:01.531250,-58.0,-58.0,-58.0
2022-09-19 10:48:01.562500,-59.0,-59.0,-59.0
2022-09-19 10:48:01.593750,-58.0,-58.0,-58.0
2022-09-19 10:48:01.625000,-58.0,-58.0,-58.0
2022-09-19 10:48:01.656250,-58.0,-58.0,-58.0
2022-09-19 10:48:01.687500,-58.0,-58.0,-58.0
2022-09-19 10:48:01.718750,-58.0,-58.0,-58.0
2022-09-19 10:48:01.750000,-58.0,-58.0,-58.0
2022-09-19 10:48:01.781250,-58.0,-58.0,-58.0
2022-09-19 10:48:01.812500,-58.0,-58.0,-58.0
2022-09-19 10:48:01.843750,-58.0,-58.0,-58.0
2022-09-19 10:48:01.875000,-58.0,-58.0,-58.0
2022-09-19 10:48:01.906250,-58.0,-58.0,-58.0
2022-09-19 10:48:01.937500,-58.0,-58.0,-58.0
2022-09-19 10:48:01.968750,-59.0,-59.0,-59.0
2022-09-19 10:48:02.000000,-58.0,-58.0,-58.0
2022-09-19 10:48:02.031250,-58.0,-58.0,-58.0
2022-09-19 10:48:02.062500,-58.0,-58.0,-58.0
2022-09-19 10:48:02.093750,-58.0,-58.0,-58.0
2022-09-19 10:48:02.125000,-58.0,-58.0,-58.0
2022-09-19 10:48:02.156250,-58.0,-58.0,-58.0
2022-09-19 10:48:02.187500,-58.0,-58.0,-58.0
2022-09-19 10:48:02.218750,-58.0,-58.0,-58.0
2022-09-19 10:48:02.250000,-59.0,-59.0,-59.0
2022-09-19 10:48:02.281250,-58.0,-58.0,-58.0
2022-09-19 10:48:02.312500,-58.0,-58.0,-58.0
2022-09-19 10:48:02.343750,-58.0,-58.0,-58.0
2022-09-19 10:48:02.375000,-58.0,-58.0,-58.0
2022-09-19 10:48:02.406250,-58.0,-58.0,-58.0
2022-09-19 10:48:02.437500,-58.0,-58.0,-58.0
2022-09-19 10:48:02.468750,-58.0,-58.0,-58.0
2022-09-19 10:48:02.500000,-58.0,-58.0,-58.0
2022-09-19 10:48:02.531250,-59.0,-59.0,-59.0
2022-09-19 10:48:02.562500,-58.0,-58.0,-58.0
2022-09-19 10:48:02.593750,-58.0,-58.0,-58.0
2022-09-19 10:48:02.625000,-58.0,-58.0,-58.0
2022-09-19 10:48:02.656250,-58.0,-58.0,-58.0
2022-09-19 10:48:02.687500,-58.0,-58.0,-58.0
2022-09-19 10:48:02.718750,-58.0,-58.0,-58.0
2022-09-19 10:48:02.750000,-58.0,-58.0,-58.0
2022-09-19 10:48:02.781250,-58.0,-58.0,-58.0
2022-09-19 10:48:02.812500,-58.0,-58.0,-58.0
2022-09-19 10:48:02.843750,-58.0,-58.0,-58.0
2022-09-19 10:48:02.875000,-58.0,-58.0,-58.0
2022-09-19 10:48:02.906250,-59.0,-59.0,-59.0
2022-09-19 10:48:02.937500,-58.0,-58.0,-58.0
2022-09-19 10:48:02.968750,-58.0,-58.0,-58.0
2022-09-19 10:48:03.000000,-58.0,-58.0,-58.0
2022-09-19 10:48:03.031250,-58.0,-58.0,-58.0
2022-09-19 10:48:03.062500,-58.0,-58.0,-58.0
2022-09-19 10:48:03.093750,-58.0,-58.0,-58.0
2022-09-19 10:48:03.125000,-58.0,-58.0,-58.0
2022-09-19 10:48:03.156250,-58.0,-58.0,-58.0
2022-09-19 10:48:03.187500,-58.0,-58.0,-58.0
2022-09-19 10:48:03.218750,-58.0,-58.0,-58.0
2022-09-19 10:48:03.250000,-58.0,-58.0,-58.0
2022-09-19 10:48:03.281250,-59.0,-59.0,-59.0
2022-09-19 10:48:03.312500,-58.0,-58.0,-58.0
2022-09-19 10:48:03.343750,-58.0,-58.0,-58.0
2022-09-19 10:48:03.375000,-58.0,-58.0,-58.0
2022-09-19 10:48:03.406250,-58.0,-58.0,-58.0
2022-09-19 10:48:03.437500,-58.0,-58.0,-58.0
2022-09-19 10:48:03.468750,-58.0,-58.0,-58.0
2022-09-19 10:48:03.500000,-58.0,-58.0,-58.0
2022-09-19 10:48:03.531250,-58.0,-58.0,-58.0
2022-09-19 10:48:03.562500,-58.0,-58.0,-58.0
2022-09-19 10:48:03.593750,-58.0,-58.0,-58.0
2022-09-19 10:48:03.625000,-59.0,-59.0,-59.0
2022-09-19 10:48:03.656250,-59.0,-59.0,-59.0
2022-09-19 10:48:03.687500,-58.0,-58.0,-58.0
2022-09-19 10:48:03.718750,-58.0,-58.0,-58.0
2022-09-19 10:48:03.750000,-59.0,-59.0,-59.0
2022-09-19 10:48:03.781250,-59.0,-59.0,-59.0
2022-09-19 10:48:03.812500,-58.0,-58.0,-58.0
2022-09-19 10:48:03.843750,-58.0,-58.0,-58.0
2022-09-19 10:48:03.875000,-58.0,-58.0,-58.0
2022-09-19 10:48:03.906250,-59.0,-59.0,-59.0
2022-09-19 10:48:03.937500,-58.0,-58.0,-58.0
2022-09-19 10:48:03.968750,-58.0,-58.0,-58.0
2022-09-19 10:48:04.000000,-59.0,-59.0,-59.0
2022-09-19 10:48:04.031250,-59.0,-59.0,-59.0
2022-09-19 10:48:04.062500,-59.0,-59.0,-59.0
2022-09-19 10:48:04.093750,-58.0,-58.0,-58.0
2022-09-19 10:48:04.125000,-58.0,-58.0,-58.0
2022-09-19 10:48:04.156250,-58.0,-58.0,-58.0
2022-09-19 10:48:04.187500,-59.0,-59.0,-59.0
2022-09-19 10:48:04.218750,-58.0,-58.0,-58.0
2022-09-19 10:48:04.250000,-58.0,-58.0,-58.0
2022-09-19 10:48:04.281250,-59.0,-59.0,-59.0
2022-09-19 10:48:04.312500,-58.0,-58.0,-58.0
2022-09-19 10:48:04.343750,-58.0,-58.0,-58.0
2022-09-19 10:48:04.375000,-58.0,-58.0,-58.0
2022-09-19 10:48:04.406250,-58.0,-58.0,-58.0
2022-09-19 10:48:04.437500,-57.0,-57.0,-57.0
2022-09-19 10:48:04.468750,-57.0,-57.0,-57.0
2022-09-19 10:48:04.500000,-57.0,-57.0,-57.0
2022-09-19 10:48:04.531250,-59.0,-59.0,-59.0
2022-09-19 10:48:04.562500,-57.0,-57.0,-57.0
2022-09-19 10:48:04.593750,-58.0,-58.0,-58.0
2022-09-19 10:48:04.625000,-58.0,-58.0,-58.0
2022-09-19 10:48:04.656250,-59.0,-59.0,-59.0
2022-09-19 10:48:04.687500,-58.0,-58.0,-58.0
2022-09-19 10:48:04.718750,-58.0,-58.0,-58.0
2022-09-19 10:48:04.750000,-58.0,-58.0,-58.0
2022-09-19 10:48:04.781250,-56.0,-56.0,-56.0
2022-09-19 10:48:04.812500,-55.0,-55.0,-55.0
2022-09-19 10:48:04.843750,-56.0,-56.0,-56.0
2022-09-19 10:48:04.875000,-56.0,-56.0,-56.0
2022-09-19 10:48:04.906250,-55.0,-55.0,-55.0
2022-09-19 10:48:04.937500,-53.0,-53.0,-53.0
2022-09-19 10:48:04.968750,-54.0,-54.0,-54.0
2022-09-19 10:48:05.000000,-56.0,-56.0,-56.0
2022-09-19 10:48:05.031250,-57.0,-57.0,-57.0
2022-09-19 10:48:05.062500,-58.0,-58.0,-58.0
2022-09-19 10:48:05.093750,-59.0,-59.0,-59.0
2022-09-19 10:48:05.125000,-59.0,-59.0,-59.0
2022-09-19 10:48:05.156250,-59.0,-59.0,-59.0
2022-09-19 10:48:05.187500,-59.0,-59.0,-59.0
2022-09-19 10:48:05.218750,-58.0,-58.0,-58.0
2022-09-19 10:48:05.250000,-56.0,-56.0,-56.0
2022-09-19 10:48:05.281250,-53.0,-53.0,-53.0
2022-09-19 10:48:05.312500,-53.0,-53.0,-53.0
2022-09-19 10:48:05.343750,-59.0,-59.0,-59.0
2022-09-19 10:48:05.375000,-64.0,-64.0,-64.0
2022-09-19 10:48:05.406250,-59.0,-59.0,-59.0
2022-09-19 10:48:05.437500,-45.0,-45.0,-45.0
2022-09-19 10:48:05.468750,-44.0,-44.0,-44.0
2022-09-19 10:48:05.500000,-44.0,-44.0,-44.0
2022-09-19 10:48:05.531250,-44.0,-44.0,-44.0
2022-09-19 10:48:05.562500,-49.0,-49.0,-49.0
2022-09-19 10:48:05.593750,-49.0,-49.0,-49.0
2022-09-19 10:48:05.625000,-46.0,-46.0,-46.0
2022-09-19 10:48:05.656250,-42.0,-42.0,-42.0
2022-09-19 10:48:05.687500,-38.0,-38.0,-38.0
2022-09-19 10:48:05.718750,-44.0,-44.0,-44.0
2022-09-19 10:48:05.750000,-46.0,-46.0,-46.0
2022-09-19 10:48:05.781250,-45.0,-45.0,-45.0
2022-09-19 10:48:05.812500,-48.0,-48.0,-48.0
2022-09-19 10:48:05.843750,-48.0,-48.0,-48.0
2022-09-19 10:48:05.875000,-54.0,-54.0,-54.0
2022-09-19 10:48:05.906250,-54.0,-54.0,-54.0
2022-09-19 10:48:05.937500,-50.0,-50.0,-50.0
2022-09-19 10:48:05.968750,-53.0,-53.0,-53.0
2022-09-19 10:48:06.000000,-50.0,-50.0,-50.0
2022-09-19 10:48:06.031250,-48.0,-48.0,-48.0
2022-09-19 10:48:06.062500,-47.0,-47.0,-47.0
2022-09-19 10:48:06.093750,-48.0,-48.0,-48.0
2022-09-19 10:48:06.125000,-46.0,-46.0,-46.0
2022-09-19 10:48:06.156250,-55.0,-55.0,-55.0
2022-09-19 10:48:06.187500,-58.0,-58.0,-58.0
2022-09-19 10:48:06.218750,-55.0,-55.0,-55.0
2022-09-19 10:48:06.250000,-57.0,-57.0,-57.0
2022-09-19 10:48:06.281250,-57.0,-57.0,-57.0
2022-09-19 10:48:06.312500,-54.0,-54.0,-54.0
2022-09-19 10:48:06.343750,-53.0,-53.0,-53.0
